chr5_176831666,2.5574908606060625
chr15_44062460,1.389956336868688
chr2_179396138,2.240860663131316
chr16_11374833,0.9442308212121211
chr2_217363566,16.278749419696958
chr16_19297052,0.8292907454545458
chr6_131764933,1.2137903737373725
chr13_29293040,1.5355525161616153
chr17_27207349,1.3666786909090933
chr3_42914219,0.8302715318181808
chr1_45782024,1.0274240419191925
chr7_150759707,3.4666322373737377
chr12_72666089,1.75971560050505
chr9_36573008,9.444794669191927
chr6_146592545,0.7421026525252523
chr4_15938123,1.0661079353535363
chr22_46440472,1.5098439929292928
chr2_145275215,1.7710250969696943
chr2_220142909,2.4071799545454553
chr3_129084316,6.609228711111111
chr15_31284104,2.982673655050507
chr19_13135372,1.480147616161614
chr2_148278746,0.5614291095959595
chr16_27476320,1.0570386499999989
chr16_65988663,1.254999664646465
chr14_38534384,1.6012247136363622
chr14_70655329,1.4827518459595954
chr10_87337519,1.4255215858585872
chr5_89770435,4.213306528282829
chr5_96077283,2.183210795959598
chr17_3379411,1.2852482565656569
chr2_218621277,1.4516546414141434
chr1_101360212,3.136911154545456
chr9_115624679,1.090278475757575
chr11_95890172,1.5533629393939397
chr17_78083668,0.8630616146464644
chr17_79488408,0.6996655136363633
chr17_7746234,9.56550694343433
chr5_69696948,19.400792436363623
chr2_237076999,4.507385515656568
chr6_35016633,1.4457264843434343
chr5_134915261,1.6691284015151528
chr1_156722239,2.250602618686871
chr16_14165178,4.798473162121216
chr7_5571030,7.134434364444449
chr12_32832197,13.21575419747475
chr11_108369110,2.786317901515153
chr14_81893802,2.157745638888891
chr22_24819598,2.257441452020203
chr5_75839055,2.78653798939394
chr19_5434727,2.327993523737372
chr20_58515353,4.997959838888894
chr2_109335901,14.508520080303036
chr20_32150193,1.1186625469696971
chr7_64062261,1.0776621515151514
chr1_38078338,0.8454449075757577
chr2_225811732,1.0045273404040411
chr2_176033044,14.160461586363647
chr6_42662723,0.7067424319191931
chr17_48262638,1.5035653823232338
chr19_43420307,0.8256683702020209
chr11_63439218,6.574941817676766
chr20_20057070,1.0166314045454545
chr6_159066126,7.840360876767674
chr4_3387254,1.8164503202020208
chr10_114716127,0.8670487248484845
chr11_829565,1.352682443434343
chr12_129341168,1.3295795813131317
chr10_54076002,1.1464701575757574
chr1_114472847,12.551542628787885
chr17_37784779,0.9381505176767669
chr5_118623005,0.8938819206060602
chr11_111781358,1.4558582898989902
chr9_131174012,0.5175944797979798
chr2_173955507,2.017963242929293
chr12_6748439,3.397214623737375
chr12_10021977,1.3999590530303034
chr9_112191251,0.778284738888889
chr16_75529287,3.2646199661616184
chr1_150669659,2.8058861949494944
chr10_26223130,1.6528487964646466
chr16_69598360,0.7923829237373735
chr16_21127751,6.399137155050506
chr10_80999334,1.0658351493939398
chr18_2946620,0.9944904222222216
chr3_184194110,0.9883736520202018
chr15_85360586,1.023613101616162
chr7_99698447,12.92561315505052
chr17_56415539,2.5533095696969683
chr19_18111078,1.4575239888888885
chr6_34231500,2.102279653030302
chr14_93118584,1.1266062535353536
chr12_129278279,1.1222895813636362
chr22_36689501,1.1044133651515144
chr2_207308282,1.382430507070706
chr6_29758609,0.689039416666666
chr3_9142477,1.3530433601010108
chr1_213123532,1.8225378085858575
chr8_102218107,11.474346544444455
chr19_50321545,5.886790536868689
chr2_157366064,0.981453707070707
chr1_209781021,0.8608100020202026
chr8_126163069,0.8611395581313129
chr19_36909503,3.928066163131312
chr15_73076080,20.1814055939394
chr4_79892798,1.2452310964646454
chr11_76746727,0.7148681207070704
chr1_21616950,1.3908620939393952
chr14_103523938,6.928353357070702
chr7_99517152,10.808854525757592
chr6_73345423,0.4726081212121213
chr13_50796700,0.6970706961111108
chr3_16354731,0.8042224191919187
chr1_2036355,1.1163684803030296
chr2_179427672,0.9368967373737377
chr11_47617040,0.6214738671717169
chr13_21597783,1.063490131313131
chr9_37327690,0.9037957348484852
chr4_100356560,0.7982103262626256
chr6_123387469,0.9216035574747473
chr2_242254639,24.90412940252525
chr3_137941137,1.3346700833333323
chr6_112803888,0.691569557171717
chr15_30003072,1.3412483868686866
chr6_31554623,0.9627038651515146
chr3_105587752,5.187421432020205
chr3_58652500,1.0016073838383832
chr16_68344848,11.119088136363644
chr7_130126144,1.8883910398989887
chr17_78833110,0.7884770116161621
chr6_37465167,1.3996723555555544
chr3_107712233,0.7967045626262628
chr12_51995665,0.7087114505050501
chr20_23168597,0.4284560090909089
chr2_44571048,1.618011524242425
chr9_92037193,2.2815907772727284
chr17_46667602,1.163766279292928
chr9_101058491,1.2979296171717183
chr12_15921361,0.8767750277777766
chr15_65117823,3.496593025252519
chr19_50323482,0.7562532162626264
chr6_125379220,0.7648189941414144
chr2_217361864,0.8850793656565651
chr13_80975503,1.3052546303030295
chr22_41957013,0.8623058555555537
chr6_86387082,1.6095463646464658
chr8_72683271,0.639411546363636
chr11_119262246,0.899948368787879
chr14_77843436,4.856699076767676
chr8_8923972,2.3314518717171735
chr17_1012715,5.1179421307070685
chr22_41735036,0.6364296136363644
chr4_174254696,4.518066937878788
chr2_169104324,2.3334904712121234
chr15_74220525,1.657704405050505
chr20_45216890,0.903366943939395
chr1_36769913,0.9724583419191918
chr9_107039239,1.7146415247474762
chr3_127494917,0.7343313484848495
chr3_101039339,0.697868853030303
chr19_36246389,2.254356358585859
chr8_38775910,1.1256750242424234
chr5_49962528,2.670326578282828
chr2_166651336,2.2506809721717165
chr1_15764938,0.8670127338383833
chr6_168813724,8.186283207575753
chr1_55776025,1.2332911313131305
chr11_118047168,1.1009509439393939
chr2_86491387,0.9827382969696955
chr12_89919341,5.820094985858582
chr7_130792901,2.042518913131313
chr4_119855002,0.7399585878787881
chr7_64337901,2.194891656060606
chr4_88415249,1.4773709212121209
chr12_130830961,1.537930415151515
chr6_37665486,2.742003016666666
chr12_56510416,8.99309147676768
chr4_159959871,0.7250875747474742
chr7_94059808,1.4128804494949492
chr20_55206462,1.1926397328282816
chr5_74162790,1.0050372035353548
chr6_31540498,0.9451674681818182
chr14_35343972,4.206487662626264
chr6_64237898,1.0126409363636353
chr18_11860212,2.0869850353535373
chr3_150321172,6.977172187373738
chr12_87057128,0.638809757070707
chr21_43981883,1.5378712212121224
chr10_80027098,0.9928175444444443
chr21_39661983,0.8026730747474764
chr10_99094629,5.374223403535355
chr22_31892148,3.2602930065656555
chr12_53596605,0.9977486606060607
chr15_71055749,4.744686509090908
chr17_46058418,1.2044567116161622
chr11_119252427,4.1873879595959576
chr18_39798776,1.906121684848485
chr2_71513290,0.6793274257575758
chr6_56708503,1.519808006060605
chr14_60679797,1.1087973828282809
chr11_3078767,13.006638430808069
chr2_128284012,7.606336358080805
chr19_55919173,14.373836453535361
chr17_37010140,28.32052436363637
chr2_189975023,0.792587108888889
chr11_72452535,1.0498248575757572
chr17_21729902,2.438388802525251
chr11_57529410,4.795808218181818
chr3_8543508,1.8236884292929296
chr11_748183,8.663485199999984
chr22_23358665,4.661529729797978
chr19_18794388,9.200880912121214
chr4_175842540,0.9402351103535352
chr9_139742480,3.6309732575757603
chr7_22767002,1.3263266116161623
chr5_131944320,0.8540104873737372
chr9_96338419,2.1035476
chr6_130687210,2.0821158944444456
chr9_132251579,4.133474673737374
chr1_95699780,12.837655192929295
chr5_121366308,0.829000581818182
chr8_12878749,0.729399567676767
chr11_117280443,1.3560883287878778
chr16_7348308,0.6792023717171715
chr6_39760788,1.7631723782828295
chr14_72399938,1.7939643914141397
chr13_99935863,1.021033434848485
chr20_2637270,0.8613987282828282
chr8_53188454,0.832133597979798
chr10_79398238,2.011575806060605
chr13_42975946,0.6343000656565653
chr4_187112832,4.684083442929293
chr11_18127613,7.041874118686866
chr11_1017631,2.1622004343434362
chr17_7741802,2.509742314646463
chr10_81272288,1.6079253010101013
chr13_49077026,1.274869778787879
chr8_145535185,1.277542114646464
chr7_87505548,7.839994914141414
chr6_53133579,0.7626321318181818
chr19_39894822,2.9889932757575775
chr18_40857454,1.0167274631313132
chr12_113827132,0.9048861045454534
chr2_232327915,3.9645394171717196
chr13_90436414,0.8887381434343439
chr19_3133815,1.1750909534343426
chr6_30905215,0.8517704010101006
chr2_24557351,1.1526735020202024
chr3_11320651,1.453255161616162
chr6_46459059,1.5726347368686877
chr19_44331920,7.136052457828285
chr16_27458306,0.6359870010101016
chr12_31478849,7.919722007575759
chr1_156786513,1.9017527323232322
chr11_65186222,6.6889294777777755
chr7_155538066,1.0347923247474746
chr7_142552516,5.981567885353529
chr20_49407423,2.2929413989899006
chr22_38201323,2.8303159545959606
chr3_49757114,3.3527587070707097
chr20_62185480,7.436307394696963
chr11_58345575,21.064154763636356
chr2_113891011,1.0972931575757578
chr1_24829608,3.246618179292932
chr12_46385841,2.3807589530303
chr17_75446651,3.3008202914141402
chr13_96204947,1.8919855090909103
chr1_121484825,1.8760053636363638
chr13_46584868,1.0789193030303028
chr6_130005396,2.6340935378787873
chr18_76438179,0.7295694176767676
chr20_21502478,2.846427073232324
chr6_101847110,1.1641328939393933
chr12_53200755,1.0255820277777776
chr16_58163284,7.637824080303018
chr1_81530299,0.6226619186868678
chr16_9057698,5.262793062121214
chr17_36608616,2.053713272121213
chr4_174290944,7.558035639393936
chr17_4559355,3.417820896464649
chr4_141563444,1.5844048898989918
chr17_41158831,2.2769200681818176
chr2_86116030,2.9212401060606066
chr3_157222014,0.6391318737373742
chr9_105260167,1.017405929090908
chr2_149895251,1.212651224242424
chr1_171711204,2.5094212974747494
chr1_9027739,1.0294647409090911
chr4_57522540,0.7525080070707083
chr1_224753193,1.1873038176767667
chr11_60183052,2.0174923010101007
chr15_52472121,3.081705400505052
chr17_48262579,1.5318744247474765
chr16_1077529,1.668003108585857
chr1_54706838,0.6621719727272734
chr10_134331751,2.6644741414141415
chr6_84140763,3.284738116161615
chr1_95107602,0.7103277191919192
chr20_36768009,1.075340517171717
chr1_244517173,1.4968941302020196
chr18_905384,1.2295887005050508
chr16_87369955,0.8524825202020203
chr2_136996781,1.5007685434343434
chr4_71588146,1.6742696097474743
chr6_29600268,4.766555274747471
chr1_36200276,0.7835393323232325
chr12_10885352,0.9792066217171714
chr2_170550859,7.781008719696969
chr9_91933389,24.95629328484849
chr17_45909096,12.02888023080806
chr19_24184737,0.7243917393939393
chr11_62814198,0.6682899262626267
chr14_52791573,0.7154761146464639
chr20_11899924,1.3531740696969703
chr19_6333616,0.7600355181818182
chr1_155948367,2.9635165909090895
chr5_138609526,8.36251518383838
chr6_12288251,1.2631519262626252
chr16_70714905,0.6918209500000007
chr12_43004287,2.5302157217171715
chr6_33145351,1.0347855343434338
chr2_211036106,10.836980224747458
chr7_2983380,6.099892685858588
chr10_85841086,1.3201077277777769
chr8_22446548,1.5412273053030319
chr4_88903867,0.617009633737374
chr3_50341004,1.3941354156565653
chr1_211433288,8.631712056565657
chr9_14314535,4.887678399494955
chr1_100113373,0.8843729696969698
chr19_3574473,6.833610196969698
chr22_36424654,6.63725950555556
chr15_92397526,3.3079345439393917
chr12_45609431,3.3359865666666653
chr17_74081393,1.0053283560606068
chr2_201981668,2.852105211111109
chr17_7370121,1.73236820959596
chr10_17278330,0.9952581858585868
chr2_224333154,3.896837857575756
chr1_17450074,0.6870281050505059
chr4_108815544,1.5766744323232316
chr12_121648787,6.371711071212123
chr2_219264780,3.5209030156565637
chr14_105767621,7.934282723737374
chr9_88054934,1.0211749858585852
chr1_2461640,1.6488587277777769
chr14_51026927,1.326093048989899
chr7_27153624,3.03001026969697
chr19_11257139,0.9779631454545453
chr10_93107529,0.7774436427777789
chr2_179597600,1.4003269010101012
chr19_41305747,14.892503007070706
chr15_72598655,0.9578332893939393
chr13_46585610,0.8530608388888891
chr12_116774791,1.3492815012626258
chr2_242291458,0.8565793444444447
chr7_27213287,2.9368277510100977
chr1_183538383,0.8670365212121216
chr15_94443929,6.613278374747474
chr12_78063542,2.605570268686868
chr9_6413173,11.77707889494949
chr4_106816248,1.037027245454545
chr2_1507508,0.6124632388888889
chr13_38154132,1.491233122222222
chr13_29172956,0.6133209749999999
chr21_47365901,1.5462964661616165
chr1_198746063,1.1569937070707068
chr10_30829533,0.732248635858586
chr19_6661871,0.8916082383838388
chr8_144542838,1.2841503287878795
chr5_57753116,1.2472583414141396
chr3_170150594,0.876466187878788
chr17_33288509,15.570428388888892
chr22_28146766,0.8012522797979796
chr6_131571479,1.055032995454546
chr19_50380787,28.38723126464646
chr2_220326152,1.446238019696968
chr12_79258353,1.782337496464646
chr12_53693635,9.325400541919194
chr12_49311905,1.2694988686868685
chr17_59094322,0.7397162691919194
chr19_38182969,3.3507390136363635
chr3_99492707,0.9593819196969696
chr11_3147857,0.9128888734848482
chr3_72937210,3.0541652813131295
chr12_116880869,1.0521425611111115
chr6_39760151,1.7738893196969698
chr1_27951134,0.9584065818181815
chr4_126572517,3.7678243843434336
chr21_46359896,12.214942488888896
chr4_86851238,1.1732442522222224
chr1_145427716,1.9630965868686872
chr12_12419800,2.876405506060607
chr4_47916509,11.354828339898981
chr18_55989331,1.823459591666667
chr12_58166438,11.61105043181817
chr16_67197800,3.1345082964646482
chr11_20140629,2.3144215801515164
chr9_32524270,0.7259994378787876
chr12_5019113,1.7386133383838358
chr11_109292871,1.0271629888888894
chr4_74005836,0.8631579530303028
chr3_195295749,1.060708944444444
chr12_100378451,1.0789738439393923
chr14_75744032,2.512270635858589
chr5_131827895,0.7266192373737369
chr1_1141905,0.5774886292929295
chr2_242255594,24.362870326767695
chr5_37249464,0.9453286207070709
chr5_39137879,2.2658874269696976
chr7_152456731,6.904971573737379
chr5_140705806,1.4561215515151504
chr13_52351371,0.8987530772727286
chr21_33651515,9.53922301161616
chr2_228029339,1.1256643393939403
chr16_87866454,1.4812460207070697
chr6_127663551,2.453087914141414
chr12_8666169,0.9820892878787874
chr10_65281705,1.3500599787878784
chr6_33036906,0.7443399040404038
chr11_105868100,2.809099087373739
chr5_151754591,1.0406553909090908
chr6_42946957,6.338977073737374
chr5_52782264,1.073277022222223
chr3_134786373,2.462571921717167
chr2_78667889,1.0243415893434336
chr15_86236391,0.9202191565656569
chr3_101548204,1.0071375813131316
chr14_100485636,2.3267231525252527
chr19_19638025,0.9001911878787877
chr9_37465943,12.754214539393944
chr16_16166355,1.0910691434343442
chr17_57918535,0.8793057474747465
chr21_38101263,0.8020088070707072
chr3_126941737,0.9485153196969693
chr17_10101922,2.9106667545454576
chr12_6183651,1.553580679797979
chr4_155488761,1.1607014595959602
chr6_35227231,12.550043536363638
chr2_132162771,0.7585807898989889
chr19_4555523,3.003613224747473
chr20_52681460,1.8264495338383846
chr1_205584229,0.9918469757575757
chr12_110785305,0.7568391117171714
chr11_22646754,6.423675810101012
chr8_28243654,1.516647786868687
chr3_179169349,2.320211947474745
chr1_155214417,2.5164963489899015
chr22_17739193,2.077344857575758
chr22_44421714,0.8699545414141413
chr16_56370684,0.5379024888888887
chr1_224676913,0.8669479196969699
chr12_21791560,1.319587403030302
chr1_205419093,2.9550549198989926
chr1_207070912,1.048536613131313
chr11_33182993,12.495272926767687
chr19_50384683,2.098976987878787
chr12_130303246,0.3820155074747477
chr9_34634881,1.0873306055555567
chr1_205197386,2.1383171479797958
chr12_53343854,6.621799886363638
chr21_39869872,1.1703400929292926
chr10_104020257,0.71304095
chr2_42396579,3.037371057575758
chr4_142054484,1.8204267257575741
chr4_75719632,1.6690447363636356
chr6_138820606,0.8617739707070703
chr12_8928719,0.6412710987373741
chr5_56205178,10.26478533636364
chr8_27219900,3.2021267025252595
chr3_148558740,1.7702908797979793
chr4_157892147,1.756593746969697
chr6_28584064,2.5416317828282815
chr8_134019965,1.212867649999999
chr15_23086591,6.4555780550505
chr5_174151599,5.394077415151513
chr7_139365877,1.0741058338383838
chr2_21236119,1.5528732055555572
chr13_37665209,0.7197555954545456
chr14_24711823,7.142588134343434
chr20_36470712,0.9310701212121212
chr3_54952466,0.8612429732323235
chr10_14418934,1.3857190454545447
chr17_13460557,1.7380365666666662
chr2_50634818,0.6851778452525256
chr20_33851670,0.6671782207070699
chr1_62890758,1.0210722159090915
chr2_232573239,11.788467834343436
chr8_102139278,2.4903861833333325
chr7_2698584,0.6372534156565655
chr1_36789262,3.0876163575757603
chr7_100773890,0.9739649308080811
chr3_27754409,1.6898553398989902
chr2_170930086,2.030927684848485
chr18_3449704,2.9340293636363652
chr11_65631948,0.8904902050505046
chr15_40399160,1.4244328989898989
chr17_79679381,3.1453445671717155
chr2_225450224,18.29441657626263
chr7_92282655,1.0562488414141409
chr10_126107491,4.099398403030305
chr2_56411151,1.4435419333333337
chr6_14659297,1.3924072095959603
chr7_99817571,0.8388498853535357
chr3_111717585,1.0759180515151503
chr19_4279332,1.2704659505050497
chr4_70898922,1.192758447474747
chr16_28722794,12.937812239393933
chr17_25800677,1.3535717974747477
chr2_112852790,1.3875658631313128
chr7_26439062,2.86544527777777
chr8_101725125,1.1745435464646459
chr2_128642261,1.327166253535354
chr10_76994319,3.5444024575757584
chr2_102721236,1.057434919191919
chr16_30080151,0.7176413676767676
chr20_2083495,14.30118357676768
chr10_3930419,0.966646080808081
chr19_4035701,0.681471767171717
chr2_157198760,8.114242968181825
chr20_3388598,4.964352189393941
chr2_179399141,0.8049822505050511
chr14_45584513,0.8680059121212121
chr17_15848578,1.9908171459595951
chr5_88120160,2.1898635186868676
chr14_106092130,0.43179228904040384
chr16_15806753,0.6270246434343433
chr12_12510120,8.965559385353528
chr14_22961843,1.2090906232323224
chr1_162381898,1.0951580429292926
chr6_138192263,1.4463571717171706
chr5_118691146,1.0081023470707082
chr10_71176144,1.0104321489898993
chr19_41804029,0.9955525090909085
chr18_67614776,1.288367155050505
chr9_116437705,1.4046022191919187
chr7_148114979,0.8199270848484842
chr19_51714309,4.979897306565652
chr11_131633630,0.7910629095959593
chr12_23918317,0.4289740166666667
chr8_105600685,6.238498258080807
chr22_38004843,21.649711017171693
chr16_2079571,1.0027248858585858
chr20_49347542,10.148165643434352
chr11_503690,1.310419148989898
chr13_99964832,0.9552574439393936
chr3_171871207,0.9438104666666671
chr5_96144054,2.6671490060606087
chr20_43836041,1.9900080500000008
chr13_74071859,0.765186357070707
chr4_40199943,0.9316504727272724
chr22_37678494,2.1931319545454544
chr10_95187537,0.5427219085353534
chr7_100293596,0.8359327575757572
chr12_51420118,2.5838678836363647
chr7_142457291,0.817189544444445
chr11_62457402,1.3996998722222216
chr1_1256452,0.6306064101010109
chr1_92035065,1.5030420156565658
chr5_138609228,8.278182195454544
chr12_7035163,1.062368133838385
chr17_15133299,0.9561623797979797
chr3_119813425,14.091469873737367
chr1_103371069,0.8406661732323232
chr3_16412412,1.4923349984848497
chr2_227169051,0.0
chr12_26274923,1.108866985858586
chr11_111230114,1.1240318297979803
chr17_79970757,0.8266368737373747
chr12_118406920,1.9735446964646455
chr3_151531876,0.7887597863636359
chr1_118199000,0.9911311267676759
chr6_88411950,14.33606653939396
chr17_41622754,1.7630424207070716
chr4_111397520,1.1710501045454542
chr12_81331671,0.9917994181818179
chr1_153538278,1.3717353186868695
chr12_10183316,3.4048906661616143
chr10_27445037,7.513505647474745
chr20_46415009,2.0964590641414147
chr2_203240917,6.150496644444445
chr17_80081856,1.3291137505050503
chr3_151986720,5.212233739393936
chr14_35344102,4.082799424747476
chr8_133787633,27.94772050050505
chr7_120381631,1.4637263641414142
chr17_76227574,0.6664234015151521
chr10_118897932,1.085848105555555
chr1_27853649,1.0175684964646465
chr17_71223372,1.293325168686868
chr3_77088924,0.9084032762626273
chr12_78934454,0.628660322222222
chr22_35983654,0.6682955085858593
chr7_157129659,10.397754858080802
chr12_45270657,1.384670004040403
chr2_36960453,0.7657425929292925
chr20_42816134,0.8348605626262626
chr8_27695372,2.9594077060606043
chr1_112532268,1.2750504388888884
chr14_89479741,3.6877888040404043
chr7_94293249,1.7134916550505053
chr5_95224698,1.33699364949495
chr2_68621256,0.882124465151515
chr14_87689430,1.9616072101010094
chr18_60382600,6.295957431818181
chr9_110474807,0.9243696035353534
chr2_172864792,3.3192796575757595
chr9_87284220,1.170856455555557
chr17_75136612,13.410722406565657
chr6_1610184,8.91313181414141
chr18_44448849,4.328502205050504
chr11_111782701,1.5108389494949501
chr1_110999261,0.6149375934343438
chr7_122339151,1.3426504005050501
chr12_53200717,1.040521178787879
chr5_143113674,1.3259960494949494
chr19_50094368,8.143722466666661
chr13_53628868,0.8619940595959595
chr6_31939218,17.97916040555555
chr4_467938,5.716517530303035
chr4_103586763,0.9021977055555557
chr2_114036497,0.9830968247474742
chr1_93250664,3.938348425252527
chr2_51092840,0.6478832409090911
chr20_1791296,1.260222986363636
chr18_3652975,8.68606107676766
chr5_76476128,0.7229025545454547
chr5_141337746,0.9785536101010095
chr1_78398992,0.5210172101010103
chr19_51625929,1.65633768838384
chr12_28176531,1.3348114833333324
chr5_118738399,0.8758961338383833
chr17_6916960,5.4516391156565644
chr5_150487763,0.7679754090909091
chr5_191609,1.0813703939393933
chr19_37464098,4.0315387000000005
chr16_2867216,2.6315322944444453
chr19_7895103,8.27138689494949
chr16_67278442,1.5650040757575765
chr2_219757644,1.6797342813131297
chr3_127391798,7.214315238888885
chr20_20069791,0.7197890601010098
chr2_172379015,1.7014323979797976
chr14_24912504,17.484682577777768
chr3_39450699,0.7816306530303029
chr2_152580001,0.9281429045454553
chr17_36916690,0.8150824535353525
chr2_105441198,1.1919464969696971
chr12_133066407,20.14292694141414
chr9_123294976,0.9065573585858576
chr9_130738923,0.5526648939393938
chr13_98605928,0.8805054777777772
chr1_1334902,16.154555253030313
chr22_32021768,2.5447452484848507
chr13_107211375,1.0700819447474745
chr3_109033424,1.3523977994949483
chr16_1960093,1.5438849084848483
chr15_97941343,1.1564787409090915
chr17_6922977,1.154749612121212
chr9_88715083,1.2690500121212127
chr10_131265468,11.516524386363647
chr3_50294214,1.0103449313131323
chr16_3546167,2.0622488595959614
chr10_70850468,0.78457447929293
chr12_49392146,1.3200259116161621
chr11_32449570,3.0645110303030294
chr2_136889795,1.0210483742424241
chr15_25068783,2.3878199279797983
chr12_25055155,0.8330233287878789
chr14_21288981,3.748188679797978
chr2_77748961,1.7340825005050504
chr7_11012962,11.2428994449495
chr21_36259246,0.9627781606060601
chr6_138190395,0.534349753080808
chr3_132378824,4.0345048252525295
chr1_19992402,0.8626461161616155
chr16_192718,1.2710300818181817
chr17_72776519,1.25570738080808
chr1_204494256,0.9616570423737377
chr9_97672698,1.0579876737373743
chr11_65429280,0.9410398939393945
chr12_12537743,1.15617151060606
chr11_79291300,0.5590876030303035
chr4_12120311,0.694162601515152
chr9_35111555,4.170746496464648
chr12_27167316,3.9202744424242417
chr21_36041292,1.4159864712121215
chr14_22264806,1.2798702181818193
chr1_89829523,1.2931495207070725
chr17_79071942,3.4787289257575753
chr1_203625210,1.067695831313131
chr16_1832566,15.843829148989888
chr20_334413,1.0790684552525251
chr22_22089977,5.294557409090912
chr7_78091231,0.8730213570707065
chr20_31612804,0.56356165050505
chr11_47616855,0.8528618277777783
chr11_129246058,1.4498942045454537
chr7_98595104,0.8536781277777782
chr19_11708297,6.4430928136363725
chr6_31830342,3.7732057444444442
chr1_3447974,6.15771786212122
chr11_66742774,1.272375309595959
chr3_128620192,1.2935567782828281
chr2_218674514,0.5863792681818176
chr19_21203462,3.637158887878788
chr16_59079535,0.7877142732323231
chr2_201994911,1.372563947474746
chr2_60781142,2.309629117676771
chr8_55467079,0.8982452920202019
chr2_171785831,9.126931552525258
chr11_59864735,0.4715344323232326
chr6_35454317,1.1018448085858574
chr19_46706373,1.1064498863636365
chr5_58335161,1.9529926459595954
chr2_44903732,0.8640021151515164
chr22_22337149,9.482144546464639
chr14_23890218,0.7605756121212119
chr9_35685768,0.7932124842929295
chr2_141004708,0.9045366025252521
chr22_39354254,0.5938235554040401
chr16_58546910,0.9734065974747478
chr17_56065756,4.426469383838389
chr20_13085066,3.0367514055555564
chr3_135974754,0.8931152530303031
chr14_22678064,0.981593012626263
chr19_2427840,25.35737718333334
chr2_203066623,3.0025015227272744
chr6_41514135,4.601765438383841
chr4_188923912,3.495135725757579
chr6_150039217,3.80838187121212
chr15_86125398,2.3381506303030326
chr21_30445950,8.682331557575772
chr18_31431880,0.8224611727272718
chr17_2311638,0.8440796499999997
chr11_123524564,2.256013097474749
chr8_15997254,0.88316446969697
chr5_113697722,5.042520171717172
chr1_243326633,0.7855966949494948
chr1_202776453,1.9701864212121212
chr13_42066747,0.9254954661616172
chr18_60190631,11.581713908080793
chr18_9091172,0.8175219176767674
chr12_125398792,13.164046909090912
chr1_46152835,23.03283176767676
chr4_22694445,0.824257223737374
chr6_89794373,0.8700998171717176
chr1_32538502,14.224672241414153
chr4_74765103,0.9407017944444447
chr2_10942753,1.0881898161616161
chr11_124616361,3.296656915151517
chr6_76311595,3.1980698959595943
chr1_121261366,1.8319211929292922
chr19_7936320,12.95087209595961
chr12_89630153,1.4643859080808073
chr7_63361244,9.848303405050492
chr6_138428312,2.1169876459595978
chr1_182355018,2.1733603752525266
chr12_54744778,1.0268644520202017
chr2_29691756,0.6561675055555555
chr7_150037759,0.6752534595959598
chr18_30349595,1.1910792914141404
chr8_108791014,1.3858141999999993
chr10_70863758,1.552030902525253
chr10_89705236,0.8746142772727276
chr11_117075022,1.0694260873737373
chr2_145199107,2.7866864404040417
chr3_63428789,0.8625192671717169
chr16_57398352,0.4913689268181816
chr19_14223328,1.3041593959595954
chr12_113916442,0.8566366777777776
chr19_15236577,7.1286847247474805
chr14_88459512,5.582865055555558
chr4_44019086,2.764462916161612
chr3_183979340,6.444801999999999
chr3_37034707,8.841546025252523
chr17_40400720,1.9241765898989889
chr11_117667907,1.4059752651515147
chr13_107144979,2.131068426767676
chr5_171433876,12.413448114141412
chr6_89744632,1.264976355555556
chr14_39417476,0.8816650489898996
chr10_3527600,1.7325613323232323
chr7_26191828,5.871234529292927
chr10_91043447,1.0982519676767681
chr11_112832110,2.07590016919192
chr7_36763994,1.1353798262626262
chr3_100551203,0.6136102294949495
chr1_47842581,0.9982757297979801
chr6_169622393,0.7308582398989901
chr15_39683749,0.8483997696969691
chr9_105757626,0.36532597323232313
chr1_74544774,0.6735787752525255
chr2_212793128,0.9892609090909094
chr1_27240558,0.9282594974747475
chr11_65187657,3.9469377646464627
chr10_14014203,0.6702209530303028
chr8_25272439,0.6653252429292931
chr9_103189515,1.9336468838383842
chr4_181688756,0.899954671212121
chr5_135391449,1.2391237272727276
chr11_126925747,3.183119470202019
chr15_95561324,1.544886699999999
chr16_70442791,1.0838831171717167
chr16_532472,1.3443766313131305
chr11_67765260,4.484981518181823
chr3_156009136,0.8392618621212119
chr14_20811745,20.666610174242432
chr5_172881640,3.2218525661616155
chr9_118916304,0.6825290681818179
chr5_26877495,0.819629631818182
chr18_51750995,22.267989453585873
chr6_80246925,2.1427123020202004
chr5_180288429,8.447328251010108
chr2_69023676,1.2216057419191921
chr11_18034706,5.975774282323231
chr22_19435222,3.016559660101008
chr10_103210310,2.5251881176767674
chr12_24715583,1.290989372727273
chr1_6663750,4.819035472222229
chr20_42544789,1.2713804373737367
chr8_26371512,4.923313206060608
chr15_89010618,10.860167736868695
chr4_114389033,1.2503888662121212
chr1_153662099,0.8546326999999999
chr11_1023581,0.66436053959596
chr12_105501508,6.142131522727272
chr8_42948657,4.736817620707079
chr13_27998838,7.002597849494951
chr12_2444878,2.6015743454545475
chr3_98700180,0.6904416969696969
chr11_62622835,20.691272107070702
chr9_38408248,0.9353578075757575
chr14_76076579,0.7675842631313124
chr19_1425877,1.5445508454545434
chr11_1284475,4.6963668212121235
chr2_183104950,1.612800152020204
chr3_187492147,1.0414597055555561
chr9_5092966,0.9934189732323235
chr7_134618326,2.259929504545452
chr10_133879452,3.3389236449494955
chr2_148389981,1.0459521621212116
chr4_1795509,2.261310934848487
chr21_31852685,1.1524861176767687
chr2_53560938,2.487004800000003
chr3_141121197,2.151063138383839
chr14_22961786,1.210967027777777
chr2_182850881,0.762912151010101
chr16_85832723,32.59420986161618
chr1_234745923,4.982288126262627
chr22_39640233,1.210938183181818
chr10_2949593,0.8347670939393937
chr8_55014367,5.845165025252524
chr19_1276110,21.14955992070707
chr15_51869530,1.2112777873737386
chr5_179135273,0.9481329429292923
chr19_55387053,1.26527521010101
chr12_54071289,1.1377116459595942
chr17_37886760,8.813122009595972
chr5_149900742,0.7204923434343432
chr7_95025783,1.174964658080809
chr19_55660573,0.7708668176767676
chr5_61601804,7.708799528787885
chr15_60903756,0.6524341262626266
chr2_178129656,6.820254484848488
chr3_108308591,9.739096093434343
chr1_194586303,4.674829242424241
chr10_2801607,1.013214047474748
chr16_30196224,1.1089497747474746
chr2_179539104,1.1377203226262622
chr2_136889359,0.9585739101010099
chr3_35722465,1.1366290944444444
chr4_99850283,10.440624189393935
chr12_88693746,2.579538134343436
chr8_87756024,0.795332516161616
chr8_11745226,3.637617649494944
chr12_70760640,2.34141541969697
chr20_1611510,0.9977651005050511
chr12_49212578,2.394959933333334
chr8_22418442,1.7556193510101004
chr4_88036777,1.6365936924242415
chr6_166582142,1.727033688383839
chr21_35310576,1.093736602020202
chr7_46214062,0.8816742318181816
chr8_70747212,2.3643751702020173
chr9_6215806,0.943308927272726
chr9_132459540,1.6594434575757573
chr19_8465184,0.5535492984848485
chr22_30667149,1.2961689439393949
chr2_149793827,0.8497199429292938
chr3_185677733,3.54574167373737
chr20_42355641,1.0911014831818175
chr19_35645637,3.743005816161617
chr3_64253843,0.9076960631313129
chr11_35277086,1.1060719787878768
chr6_106429331,1.4024294242424231
chr9_105414907,0.9187275939393944
chr17_30592850,1.4468334020202014
chr19_49256177,2.921236572727274
chr17_38718406,0.8379118727272727
chr4_175443638,1.239360257575757
chr8_143923731,1.379490162121213
chr17_81049881,1.074089867525252
chr19_8520345,0.861701399646465
chr22_42915799,10.170106038383818
chr9_140463129,1.119631964141414
chr22_31892393,3.4536272651515145
chr1_171496932,0.807185198484848
chr6_155538160,1.3056924070707066
chr2_107467456,0.7738256459595958
chr11_126295606,1.182576208585857
chr3_98252745,0.6631491257575759
chr17_75663064,1.701693854545454
chr6_84333058,0.6023078005050506
chr12_29395962,1.885982398484849
chr16_29870761,1.088622761616161
chr10_75401522,0.9521505863636369
chr5_54988570,0.47517361363636373
chr8_48947491,0.8944594252525249
chr1_153005041,0.7458531595959588
chr12_46122767,5.846912235353531
chr10_21134412,0.658383282323232
chr4_106392122,1.5339468267676786
chr16_33963334,1.934720001010102
chr10_92680067,0.9898560398989893
chr8_11702615,0.9096310767676762
chr7_144533145,7.183905446464653
chr4_2800811,0.8124343373737378
chr2_113888678,1.588935841919192
chr3_33061479,0.7077843545454543
chr6_169650908,1.8227090732323223
chr2_152381103,0.843230933838384
chr9_101913693,0.7694467868686866
chr16_30773642,13.063892378282823
chr9_123689053,1.0379291671717172
chr10_11303397,1.2208936398989905
chr15_71407357,1.4556357595959604
chr5_34656324,4.737861278787869
chr1_109756514,9.943304092929282
chr4_159690211,1.4165578787878785
chr11_67407232,0.7137785393939393
chr15_79501734,0.8915059863636365
chr19_1206309,14.799708208585857
chr8_125463060,9.023963039899007
chr5_132113703,4.649487392929294
chr16_67576474,2.106592448989899
chr12_69754060,5.965585277272727
chr4_81104997,1.6140471813131312
chr2_17932270,0.7059576292929289
chr7_63505864,3.455346323737377
chr9_139651959,0.9197641661616158
chr6_34499529,5.3607867343434386
chr17_64224216,1.1460794151515143
chr6_45390174,1.3068120005050503
chr20_47835914,14.844326695959593
chr8_46951868,0.7207515808080813
chr4_8442449,16.640349711111124
chr3_37217576,8.997554853535354
chr19_58609842,6.934160084343432
chr6_164347981,0.6451370813131316
chr3_85829957,1.283300664646465
chr6_42413402,0.8821996787878791
chr8_81553802,1.433679771717172
chr22_50315409,0.8608690308080811
chr4_120548834,1.982457173737375
chr11_128737267,0.9434858166666676
chr15_77712541,4.531156451515152
chr13_78322560,1.152206955555555
chr10_21786188,1.0527551651515141
chr10_50493320,0.743182176262626
chr19_4504121,0.9404471050505053
chr15_91528037,1.460899851010102
chr13_92050884,2.1927577348484815
chr12_56223334,24.09142931565655
chr5_170215727,1.113795862626264
chr3_193201919,1.7777501712121224
chr20_3451737,8.951639082323242
chr10_100180653,0.7968363161616148
chr3_197054633,0.5713680712121207
chr16_2813264,1.265502159444445
chr4_108853290,2.069488892424242
chr10_111652991,1.9447170520202033
chr17_48269370,0.9636268883838385
chr8_126711324,1.8596485646464642
chr17_32311305,0.7291348414141413
chr1_145441225,1.2864849414141408
chr17_38613290,1.6938416777777787
chr6_131948462,4.885068104444444
chr4_182651186,1.1582940853535362
chr12_96794127,3.1122978247474777
chr14_62585356,1.0541086025252526
chr19_6717641,1.2417131414141411
chr17_56082885,1.8738694262626263
chr3_113021302,0.5809083313131318
chr5_102847536,0.605006647171717
chr11_119056162,0.7160172590909086
chr3_25706397,7.0415541439394
chr5_169760334,1.3988139439393936
chr5_27472557,3.788274230808083
chr5_106803430,0.8320650656565658
chr21_16209396,1.9260600777777779
chr2_242803250,0.8920971722222218
chr1_78070986,0.7399823588383834
chr14_59836469,0.5849507153030306
chr18_45663504,1.437465716161617
chr1_14691217,1.274928464141414
chr3_129295985,1.088693153535354
chr8_15274699,5.191071755050498
chr13_68517720,0.577110015656566
chr1_109290026,9.688530371717166
chr17_53343625,0.8736006854545462
chr1_112031535,0.9637983222222223
chr1_28974780,21.08606102070706
chr3_9975166,7.611555079292925
chr9_90345929,0.9089792989898993
chr10_126330179,1.3033216131313123
chr10_98476477,0.9837238454545464
chr6_144605963,1.8653036949494957
chr15_74689112,1.199099118686868
chr16_2070128,1.6887402171717163
chr12_103352190,1.7362680691919206
chr3_177324851,1.1000466484848481
chr10_80827651,4.548518919191922
chr7_143079677,0.9675520989898986
chr2_1484310,1.2271463363636357
chr9_138415795,1.3905721272727265
chr8_119964204,0.8129081813131319
chr15_75249128,2.5321082808080786
chr16_20319576,0.4948829717171717
chr14_55034387,2.1301338641414143
chr4_139163530,7.203505473232325
chr7_99102882,13.585048407070712
chr14_90722870,7.997680862777777
chr18_19748438,2.079925955555555
chr5_151151541,11.889905181818179
chr19_18899451,1.8559766555555568
chr6_89761592,0.8285784393939396
chr2_179469026,2.4134607237373737
chr12_20725012,1.275403694444445
chr15_42783231,5.779121490404043
chr12_64798129,11.466612765656569
chr4_79567370,1.3880941055555562
chr16_11643379,0.8192419772727275
chr16_72459844,2.1349660666666637
chr3_52246394,1.0912630282828273
chr3_69435403,0.789452295959595
chr8_124054444,5.040291239393943
chr6_26204837,4.424369821717172
chr7_43733736,1.032528138383839
chr17_13505124,4.668002898989896
chr7_132937838,5.639758977777772
chr2_168099318,1.02847748030303
chr11_101742272,2.440177999494949
chr6_7541681,2.8793207616161576
chr1_113244143,5.05655857777777
chr10_135267448,1.868718390404039
chr17_4693778,4.940087947777786
chr2_42326773,1.4106224979797999
chr4_2420245,7.615300275757581
chr4_12763500,0.9905257423232323
chr2_217541461,0.8023363313131309
chr1_7844446,6.044498751010091
chr10_28691568,1.0949305813131316
chr10_126029762,0.9363241757575753
chr18_47088426,3.3460777308080845
chr1_179699322,0.6068865520202017
chr18_31399487,6.469783754545457
chr14_105947881,2.093143787373738
chr19_48000735,1.2081436040404034
chr15_83875821,1.6915660777777781
chr10_17255064,0.9522618459595957
chr9_34958175,1.1799921419191928
chr7_13740478,1.1855433414141412
chr12_10050156,0.6114560223232318
chr2_237683114,1.0793363242424252
chr15_34626541,0.7553390499999998
chr9_130454295,0.9508134161616171
chr4_151749443,2.25333637171717
chr9_139305577,12.817615679292933
chr4_100867882,4.0731709606060615
chr1_152976247,1.3257274989898993
chr9_113342310,1.375080832828282
chr19_13135919,1.0003580585858582
chr9_74062709,0.9717659929292938
chr8_11373808,0.8690640101010084
chr16_19421890,1.4849328297979791
chr8_142140111,1.1023862338383843
chr18_29598519,2.096074180303032
chr7_97881671,5.870052606060611
chr6_134639195,1.0806288291919184
chr6_31785456,1.1188500489898996
chr6_30684951,12.513439864646474
chr12_104323323,8.16286525757576
chr19_38806171,7.908262544949498
chr3_196731049,1.7533347277777798
chr5_61213131,0.9441380217171712
chr8_71315590,3.8903520287878797
chr6_33266503,8.406305232323238
chr10_114135115,1.192338144444444
chr9_139887326,14.11936661666666
chr2_152544873,1.2352330358585868
chr21_9830567,1.497227637373739
chr21_43528559,0.6883546888888885
chr12_1570156,1.0525266866161622
chr1_57906010,0.8391550575252529
chr8_57358420,3.005097313131312
chr1_26738000,1.4579044530303036
chr6_170558671,1.09961606969697
chr1_94996089,0.8245331282828283
chr22_31063973,5.597474440909099
chr18_47721466,2.0522504010101006
chr5_175825042,0.9997607530303029
chr6_26250838,3.17926612121212
chr1_17216116,1.5602540419191906
chr13_36888418,0.7501780969696971
chr3_50316490,0.72048133939394
chr11_6676984,1.957485257070707
chr15_50474557,1.1527800565656554
chr11_77184666,4.695047365656565
chr6_153603829,1.2484213666666677
chr10_74385836,7.987429148484844
chr18_5895501,2.0647174313131313
chr4_90816491,1.105916243282829
chr3_96532505,2.2817867959595963
chr22_42666607,1.870639517676769
chr21_42035270,0.5669381790909093
chr9_119163858,0.6327081883838384
chr1_154180046,1.1127186984848485
chr12_31397383,1.0549354939393938
chr20_48211175,0.9608323676767682
chr1_190446667,1.1342861257575751
chr9_92286054,1.1074969048484848
chr2_206950054,3.1662791959595955
chr11_108464370,3.7679785727272717
chr15_45493313,1.9249209343434364
chr4_2043787,4.286115746464644
chr19_44169527,0.8226994313131306
chr12_53200536,1.211200181818183
chr19_49993224,1.8156482378787866
chr3_50191611,1.3015996984848484
chr11_57178942,1.3284292085858596
chr20_23029260,1.1506286242424235
chr11_96073655,0.9340295237373728
chr19_17830288,12.036753489898977
chr16_6743339,0.8366170050505048
chr15_101741617,1.076917147474747
chr2_127414918,3.097789429797979
chr5_154092619,0.7055402065656574
chr2_197612509,0.8499171803030305
chr17_39673419,0.9511576398989892
chr19_41985048,4.768844972222225
chr15_27128599,1.2749144543434343
chr13_113951224,6.728142027373743
chr5_34915820,13.216888206565645
chr1_19732033,1.478606356060607
chr5_149472184,2.6143288282828276
chr9_131351873,1.2194935848484836
chr6_157099049,5.869121268686868
chr3_42642232,13.739720366161617
chr1_152005223,0.9884254383838394
chr6_32812428,3.3003104777777765
chr1_21011699,1.264375857575758
chr4_74702686,1.6001542479797974
chr11_62649237,16.743851705050492
chr15_99434587,1.249859914141415
chr12_62996684,5.940337800000004
chr19_49314285,5.009723142424235
chr1_98515426,0.7824814764646467
chr14_73602909,9.965706515151524
chr11_4115930,8.703988091414143
chr5_96143669,2.705209797474747
chr8_143660435,1.3293814085858582
chr3_15839672,0.8409014454545456
chr12_109458858,0.6913342343434347
chr2_119605057,2.697453108080808
chr3_71542832,1.3740216222222208
chr3_171757437,6.284962763636359
chr1_101550311,0.6618957959595965
chr4_108204869,0.6479892712121211
chr18_67615216,1.2303722691919199
chr3_111578567,1.4578228808080809
chr3_33998837,0.849195377272726
chr4_39512071,0.9019044686868689
chr3_136217534,0.9968636686868682
chr8_42911575,15.999465897474739
chr2_216198108,0.6879154547979797
chr11_32851294,1.4780249388888878
chr12_46841440,0.6150876999999996
chr19_55678000,4.984266105555552
chr11_27719771,1.6521010606060607
chr17_37034412,0.740925616666667
chr17_19656419,0.7520494853535361
chr8_22021529,0.9191570280303032
chr16_71600768,0.9922883772727268
chr19_4229562,1.104496091414141
chr10_96443425,0.9869959989898988
chr5_158606195,2.0581535647474745
chr4_54930881,10.889998646464646
chr3_97594357,0.5741505732323232
chr6_149771119,0.9122408626262628
chr1_204386691,3.063827280808081
chr20_48100814,3.1873754469696967
chr5_115367945,2.1769115454545465
chr11_2631976,0.8355311252525253
chr19_54062010,0.6460346277777782
chr12_21525835,0.5957061885858582
chr7_45018806,1.2307293540404032
chr2_127413841,2.1000523489898995
chr16_81569091,0.6865396585858594
chr6_160121740,0.8825801979797971
chr1_209833294,0.9568755212121219
chr15_33445511,1.2048880989898998
chr14_60712353,1.2258655409090928
chr16_51185585,4.20358033838384
chr7_50343488,1.8745930767676768
chr10_61515411,0.9818183404040403
chr12_95851795,3.3898733255555538
chr2_235200998,1.3974870211616155
chr16_81844789,0.9333138808080806
chr7_137570499,1.3700208161616156
chr14_23451731,2.2416338653535353
chr16_25228497,1.1353126989898983
chr10_17277813,1.6312410646464663
chr3_44771126,11.88317139545453
chr17_55628917,0.9122570449494943
chr10_24738441,1.3252903540404037
chr6_151773260,13.770683288383834
chr16_67597794,2.0023903217171735
chr8_103075002,2.375032297979798
chr1_32687946,14.096174908080805
chr1_115212856,2.183251941414144
chr9_22217097,1.0027701303030307
chr8_104831273,0.49786715080808064
chr7_142636580,1.0626989732323235
chr1_154377818,1.1637105944444444
chr12_7069535,1.0024153823232318
chr6_18467585,0.9826855828282822
chr1_25254206,1.3045424878787888
chr16_2301587,11.571667265656579
chr8_125700775,0.8050788237373744
chr17_32634480,0.8113533146464648
chr11_109958003,1.0126789883838392
chr1_156152072,0.9805444050505062
chr3_46130674,1.7310325853535364
chr21_45196468,3.524599826767677
chr21_39704511,0.891454435858586
chr3_196295440,12.181412712626274
chr16_85202585,4.13453548989899
chr6_142622998,1.0899001262626262
chr22_21201121,0.8685744171717168
chr19_14494858,1.0818619045454543
chr1_228556018,2.9859607434343465
chr18_29265430,2.751163906565655
chr15_50540218,0.9744901393939394
chr3_4856137,4.279248622727273
chr10_62332866,1.2618336712121208
chr13_97600526,3.462187475252524
chr11_47870027,10.24144211363637
chr11_65273097,0.978033961111112
chr8_27469266,3.403202054545455
chr17_76643245,1.3636946828282825
chr11_119994015,1.9525875176767675
chr11_15989433,0.8719723535353531
chr15_44581244,4.773492269696962
chr2_218871724,0.8165589986868693
chr17_18020893,0.8484404252525256
chr10_63305257,0.9967056828282824
chr11_502430,0.5902717040404039
chr1_149897697,1.011824691414141
chr19_39881529,9.765283733333337
chr6_109703526,8.74101142323233
chr16_79634783,2.841187844444446
chr19_13617590,1.9678489227272715
chr17_73975280,6.1549332282828315
chr14_104760579,0.9450398737373742
chr9_94933493,1.1922789545454537
chr20_52740699,0.848573597979798
chr8_26365366,1.0021701550505053
chr5_131410506,1.5877083934343434
chr18_3449493,2.9196663080808083
chr1_159915802,1.4850216010101
chr2_220252537,20.393977334343425
chr14_105864874,11.213886906060596
chr11_65204268,0.6971772686868686
chr1_155108367,11.520882956060603
chr7_110764302,1.1476444924242433
chr7_2701554,0.793966481212121
chr9_128509146,3.6005216924242434
chr20_24935782,1.175658064141414
chr6_137143729,6.19755470252525
chr7_63459226,3.2758615535353535
chr13_40924440,1.109002417171717
chr12_25348148,7.814789901010102
chr2_71453524,3.4924097237373735
chr15_31631818,0.8490579479797984
chr5_98109489,3.171748169696966
chr1_8927238,1.101653148484847
chr1_150208282,3.248013072222224
chr19_31374418,1.900734832323231
chr2_113890971,1.0930413313131315
chr6_135149670,1.389905053030303
chr16_84035521,1.139621569696968
chr5_172206227,1.138991863131314
chr16_25160302,0.8722682590909094
chr19_2783324,11.296707781313124
chr17_6915735,5.2791372222222295
chr2_210288725,4.8470675247474775
chr15_81293157,4.667448856565656
chr11_118075258,0.969491761616161
chr4_8068238,1.1895424585858583
chr15_59698936,0.8371109494949494
chr11_14665349,1.8451707343434331
chr4_176812719,0.648026951010101
chr9_2017178,3.3925590747474743
chr15_51200624,8.019560324242429
chr9_15850246,0.5115206777777777
chr17_37784755,0.9309151363636354
chr17_48262526,1.5603334979797996
chr8_67440478,1.0781281575757593
chr16_163577,4.882711750505057
chr12_123351363,1.7671133959595962
chr3_87040435,1.5021601106060614
chr4_91048685,2.307904758585857
chr8_92382229,0.6837649181818181
chr14_73704252,1.146326124242425
chr2_218088355,1.3021839873737386
chr12_53420942,0.857679647474747
chr7_72971565,9.886923400000013
chr1_155804430,4.649053444444446
chr11_126794900,0.992106732828283
chr1_27958492,0.9411662752525253
chr11_12108417,0.6819112646464646
chr10_102758439,3.3964092974747464
chr6_1389810,4.6494238803030274
chr22_19166248,6.2467287141414145
chr22_31978254,0.5917511257575759
chr21_27394219,1.24913045050505
chr15_59910178,0.9846998000000007
chr16_31102527,1.1905086015151514
chr4_186885077,1.4070738181818192
chr19_40323816,5.512864423232319
chr9_758395,1.0558940999999993
chr2_9564048,15.389056393939383
chr8_118819565,1.4931657505050504
chr14_23445977,1.4448385343434322
chr20_52740614,0.8502945227272731
chr6_28321980,2.359273971717174
chr19_18433926,13.579371960101023
chr14_96118418,1.4965081085858574
chr5_175965013,11.871994200505062
chr17_7155028,27.081725097474752
chr5_104246734,1.3022326520202026
chr7_139092043,0.8014055443434344
chr6_36472850,0.5129017656565653
chr11_111708278,1.3527682181818184
chr4_24133916,0.5263917196969694
chr11_126871152,1.4511896030303053
chr17_27621165,5.1589203919191915
chr21_42551626,0.9312571267676758
chr20_33612627,0.7782660979797985
chr2_5834599,1.6242438338383833
chr2_242716236,0.9941915055555557
chr1_42921902,6.6664876560606
chr15_81221478,1.706798627272728
chr2_128405658,1.0253876434343445
chr12_106632934,1.4466284641414138
chr6_117747004,1.0918015398989904
chr14_104405380,0.9430420494949494
chr22_28196468,0.9407949202020203
chr5_77822814,1.0742249555555548
chr22_32340468,16.467484359090918
chr5_135266044,1.3312540313131318
chr4_113033425,5.549019568686873
chr10_134901248,1.238185272727273
chr3_176912047,0.962651093434344
chr12_46299747,0.90699833030303
chr16_73093215,2.3615108454545477
chr8_17549848,4.241568455555559
chr7_100810508,1.2179268297979808
chr5_38556990,1.9125382797979809
chr1_154999214,0.9136535934343437
chr16_28985626,5.004981771212122
chr1_198636240,0.6731596691919189
chr2_234590546,0.8731142772727266
chr1_150132923,0.7704385116161602
chr6_81430114,1.1909205419191922
chr6_101841583,1.9126653621212117
chr1_186277191,2.3566729545454574
chr15_74469061,0.6564791015151509
chr11_3663608,2.9576624818181796
chr6_7141329,2.545198940404041
chr11_6256027,11.904273846464639
chr9_110400456,1.8554248979797991
chr19_10890204,1.1622370580808083
chr16_1696535,1.6301362267676769
chr4_87857481,2.4689769176262613
chr18_74204908,4.185081344444445
chr19_20349205,5.670671589393938
chr1_40105339,3.638793167676767
chr11_128344620,0.846858096464646
chr10_74854983,1.3057731297979784
chr3_46130802,1.74588495959596
chr17_34890045,3.440993105050507
chr14_74525148,0.6466585988888882
chr10_114135878,1.9669863944444437
chr3_190252380,1.132900526767676
chr2_178077924,19.97836160707073
chr19_13265072,3.5557362217171726
chr2_171034656,0.7795294708080813
chr8_1900820,0.9264608292929288
chr11_33640050,1.141738648484848
chr19_59061154,0.7403882510101001
chr12_1533321,0.8025697126262632
chr11_2324281,1.2464970000000009
chr12_27485894,2.758408085858588
chr7_147336214,0.8137749928787875
chr19_14546225,2.6683723479798016
chr1_10754506,9.508331749898987
chr16_4664888,7.38168148989899
chr5_142782974,2.59301385151515
chr11_111794463,0.6795232565656553
chr19_45147119,1.6311839696969703
chr19_14063320,11.534837465656564
chr2_162868447,0.8317377904040402
chr2_234580504,0.8726190358585857
chr1_15930245,2.47578253030303
chr9_95896028,3.5171276444444435
chr4_108204910,0.6365808974747476
chr1_246887365,1.9462026291919183
chr6_21141165,5.1956148772727255
chr1_246239239,0.9711927449494948
chr2_21258513,1.455395544444443
chr11_10715168,0.7805159444444454
chr11_65267195,2.52096506060606
chr1_40974407,5.549446215656562
chr19_10400100,3.254262733333331
chr1_152382778,1.1274785641414122
chr15_74345797,4.711891662121206
chr5_77825538,1.202496423737373
chr6_109762107,2.9913888414141403
chr16_89787365,12.506361428787887
chr19_35521577,1.4028296040404036
chr21_26835154,1.346679669191919
chr14_22958454,0.8385741176767673
chr12_57979945,0.908017397979797
chr1_229568199,1.07462125959596
chr19_18308006,0.9088039535353534
chr15_62457481,2.8172597510101007
chr9_87283372,1.1988759000000004
chr10_89264631,4.346924930303033
chr3_187930683,0.9981788181818181
chr2_113637944,0.9820200843434344
chr19_39936321,5.215436643434338
chr11_111808053,1.5727952323232324
chr17_46655688,4.669352197474745
chr19_6590920,0.8843388611111099
chr1_28439561,2.382371008585859
chr8_112039625,0.8871874298484851
chr18_25524716,1.4388559888888897
chr11_60260250,1.2328877525252524
chr15_31618626,11.639130276262621
chr18_60382473,6.259811855050504
chr19_10396752,3.81583818080808
chr2_108905177,1.2765378474747466
chr12_16758879,1.1128354252525259
chr7_6866873,7.829905414646469
chr19_36343383,0.9249184681818186
chr5_96079263,3.7347694101010096
chr2_240964748,22.528086296464643
chr2_66662803,2.7052573696969677
chr1_59165732,15.121869065151511
chr22_31626496,1.6181125848484814
chr7_109641728,0.6884424388888888
chr8_119105505,1.257738084343432
chr10_21785988,1.256606347474747
chr19_18133223,6.757821552020198
chr1_36695038,1.3265219590909088
chr3_160129709,1.087853268181818
chr20_14448362,3.29865267020202
chr13_40910496,1.1748749106060599
chr6_16443437,0.8354168808080811
chr10_105390501,0.8465652752525257
chr10_115511391,1.0890215252525248
chr4_138453612,1.5190924005050495
chr7_129142371,1.4111099979797985
chr1_229761802,8.329466198484852
chr2_157191367,2.783863018686867
chr16_84328362,0.9943485792929286
chr6_53659854,4.283616580303031
chr11_39183402,5.457705109393936
chr8_90769902,3.044536497979796
chr4_141719260,0.8198002388888895
chr19_1848480,24.77269916919193
chr20_39833186,1.0303041398989905
chr11_111991252,1.494242123232321
chr2_60780615,2.352699938383839
chr7_99195925,0.9317302222222223
chr14_71905634,0.8858654883838385
chr15_59665048,2.172287706060609
chr9_132549147,1.3085023797979796
chr14_99710055,1.3658820898989887
chr5_124047420,1.2012152904040405
chr19_38495240,7.771706897979795
chr19_58144535,3.098621815151515
chr17_12453316,0.9323615040404037
chr12_52579452,0.7989107363636355
chr15_86236197,0.9540241898989898
chr7_5463688,4.108271190909088
chr5_179234314,3.852463854040402
chr7_45953126,0.9369471651515144
chr8_63294512,0.6718005843434343
chr10_12391245,3.9518938853535337
chr2_179431756,0.8515127505050504
chr17_38764469,0.6985799358585858
chr3_113023162,1.246645086868689
chr6_160112180,1.2585587924242434
chr12_71551657,0.8164813095959591
chr5_180242567,1.5984980813131326
chr2_42721249,2.0926887378787873
chr17_40063777,1.751666032828287
chr3_133174946,1.251534041919193
chr10_15762110,1.4924447469696969
chr1_38158187,5.586465421717174
chr9_95241698,0.8812378262626267
chr12_11463292,0.7377948944444447
chr14_56078743,0.8052436398989902
chr7_86781768,13.857406232323237
chr4_70296754,0.9677569358585854
chr7_100806485,6.152598468181817
chr3_188545214,0.6442281181818182
chr1_87170228,4.407376233838385
chr20_30946133,13.617121927272722
chr6_159291094,11.294326723232329
chr10_72537054,0.9030643378787884
chr3_59996535,0.7121756883838386
chr13_37494343,1.4902219974747477
chr15_101789586,0.8667040277777783
chr7_105904244,1.4823156204545456
chr16_72094462,0.731827375252525
chr12_50290851,0.7960439712121216
chr10_71892567,2.581947810606058
chr19_461065,10.226886667171707
chr11_122852541,0.6892341904040399
chr1_196577912,2.170287821212124
chr14_23017201,0.9177647065656567
chr6_74405794,1.6569726712121222
chr6_36737375,1.746757715656566
chr14_60558447,9.436154715151517
chr2_2844604,1.866297546969695
chr22_19343281,0.704755481818182
chr17_80170705,4.127571580808081
chr17_37638874,0.8830295454545452
chr7_22396712,1.664501458585858
chr15_28344454,2.783010540404043
chr4_44680469,13.011756611616159
chr22_29702753,4.190123850505053
chr10_91174474,2.6775114939393942
chr11_18416109,2.620621119696969
chr12_121653062,0.8944643868686858
chr15_65321966,7.13153554494949
chr10_104192422,4.296279191919195
chr14_50234870,9.866624297474736
chr6_149887540,7.9353926959595835
chr21_40823831,1.8288493702020194
chr2_113594544,1.0150404230303036
chr12_26180686,0.6704224040404043
chr12_28343358,5.647138137878792
chr4_16178403,1.4935052717171728
chr7_78400160,1.5840735848484844
chr6_36931487,1.6508571252525237
chr9_95884273,0.8368605303030301
chr13_46626862,13.777519009090925
chr5_174151653,5.395466922727272
chr10_33623830,1.9627520954545445
chr14_77428097,2.350053926262627
chr1_86942170,0.722009067171717
chr2_20133188,0.8156624782828281
chr19_3061883,2.648084153989898
chr16_88449396,1.2014601742424245
chr14_63512701,1.3189845863636374
chr2_184472867,1.6251896752525257
chr1_32229915,0.8132395530303033
chr10_6622517,1.0235370060606064
chr17_41003399,0.7403171318181813
chr17_73874661,1.9480556464646452
chr1_151958641,1.3069821782828277
chr1_116383323,1.0387670454545448
chr14_50469832,8.849332450505052
chr13_99967340,1.7806042237373745
chr14_99927306,1.3867499636363634
chr17_61116857,0.702271579292929
chr14_72054394,1.4016368489898972
chr7_157406741,2.6108499227272723
chr9_12695709,0.6663560616161615
chr2_26496576,0.9343494661616163
chr7_139110281,0.7248004803030302
chr15_39719469,1.1478867991414137
chr8_18666372,0.7070409106060609
chr5_77826457,1.4780746520202026
chr1_202318384,6.193439772727267
chr5_122847792,5.317138655050509
chr6_31322965,0.4648774786868688
chr22_43045397,0.5751962407575757
chr2_179647628,1.2300463934343435
chr13_41635519,6.260379039393944
chr2_74570540,0.8580716828282829
chr4_89282614,3.624644703030301
chr22_31644048,2.517636477272726
chr14_106321884,0.7126422656060606
chr3_189529310,0.5443102732323234
chr7_117926276,1.4492753671717173
chr22_33256376,0.5102689333333335
chr17_75370516,2.3635782106060623
chr10_97149597,0.7427299752525255
chr11_36595018,1.5311971732323244
chr3_190256660,2.069949560606061
chr17_39846007,21.487890759595963
chr10_5046048,2.6607841621212116
chr20_30326913,5.196327510606061
chr18_71814970,13.596326527777775
chr19_12444501,1.428887379292931
chr4_66107537,2.477872843434343
chr19_10139429,1.775604853030303
chr9_102584166,3.1501903712121204
chr5_61897080,0.5704061989898989
chr3_15687362,0.7881066611111109
chr1_101704702,2.797192318686869
chr4_189122940,1.508423283333334
chr4_169552805,1.8742738166666673
chr19_11877884,4.705050878282829
chr18_29304603,1.4143927318181826
chr1_180003167,2.4494736055555584
chr12_58102607,1.1037081919191918
chr13_31002096,3.132303772727272
chr11_66103937,0.9506805702020196
chr10_91404694,3.236706330303033
chr7_33594489,1.0526032909090903
chr17_39994108,0.7588619616161615
chr9_92033203,1.9919721414141416
chr17_67875052,0.952090774747475
chr7_150884878,0.987478284343434
chr12_123627773,1.301234480808079
chr6_56819836,5.8949798914141445
chr3_58643472,1.3354291262626266
chr18_32957272,3.7702295545454554
chr11_133401988,0.9295360338383842
chr13_108922584,0.9826062242424239
chr2_96611902,0.9160848065656557
chr1_206748772,1.947666605555555
chr2_179566918,1.196186070707071
chr9_131644912,16.684443372222223
chr10_114926227,1.2290263974747473
chr5_7338503,0.8323857005050508
chr1_17338422,3.0931496404040386
chr10_5726696,9.363435555555542
chr5_41925406,2.6009613383838417
chr3_44214360,2.904922835858586
chr14_64884603,1.062088613636365
chr18_25501567,1.0037528787878787
chr1_214162545,3.6559473742424236
chr4_129002906,0.8876281939393931
chr15_94904347,1.8585330171717207
chr19_55796810,1.0362068742424244
chr5_133406933,0.9983874742424239
chr2_27994554,11.564562113030297
chr5_71853101,1.2763282914141416
chr3_125803057,9.354602436363637
chr1_104695926,1.2337482353535338
chr8_144875312,1.3073147449494953
chr11_71639504,10.00624178232323
chr4_81105032,1.6199972353535355
chr17_12018857,1.6913013171717177
chr9_22009244,5.155447991414144
chr6_30691516,1.4973920398989904
chr2_74741647,1.1645596626262618
chr17_25634998,0.6794843588888888
chr9_112832008,0.9491427287878789
chr12_102174478,0.9992429585858592
chr12_6485248,0.9425057909090924
chr7_55433714,18.69196663434345
chr19_43383863,1.0436244719191925
chr1_208042455,1.9418442035353531
chr1_11863593,2.2446491020202024
chr2_65090012,0.8568783393939392
chr12_69209239,0.7554316005050501
chr17_42988804,1.210381245454543
chr1_26147154,10.678306141919178
chr3_58553087,0.7934392030303042
chr16_56815765,1.1814834969696977
chr7_107883714,0.6424808689393944
chr16_70681989,1.2832263651515161
chr7_106301526,5.552195504040408
chr20_1925835,0.8369923944444453
chr1_201333479,1.1315396848484829
chr19_54692324,2.65151374040404
chr13_53313954,1.314314002525253
chr4_159718250,0.8877440212121217
chr1_15783169,1.4707489742929294
chr11_73685940,0.791906864646465
chr10_5807728,1.1162770116161618
chr8_144674290,0.499456356060606
chr17_30264067,7.54322401666667
chr4_143522263,1.6552329444444451
chr2_145267524,0.9140272050505047
chr3_53528215,0.8559601464646466
chr21_45644313,0.9672162010101
chr2_3523322,14.869595154545445
chr6_56362507,1.0918844685858582
chr19_39390279,8.76969959191918
chr16_56581229,1.061298850505051
chr12_72666353,1.6746851914141403
chr5_145583167,9.024792916666666
chr20_50148080,0.6681419929292932
chr11_66886733,16.298277883838384
chr6_36953922,12.258467461616165
chr10_14017904,0.5877269934343435
chr12_7036647,1.856049156060606
chr13_29001960,1.0509540191919189
chr1_77481682,1.9279672282828288
chr6_42883734,0.6663388813131318
chr7_103630080,1.0437495479797976
chr22_20105267,19.33655252575756
chr9_19033206,0.7485865606060607
chr9_132650780,2.5344014712121203
chr12_69326950,1.788128680808081
chr13_33094492,0.9809864878787873
chr18_3449625,2.917004429292931
chr17_32614764,0.8790613328282822
chr8_28336519,1.4288776439393958
chr2_106361290,2.6549471762626258
chr3_187882244,1.0902506257575748
chr13_46727389,0.79975995429293
chr9_87285263,1.1682982616161606
chr6_149638654,11.273756620202022
chr3_50294935,0.9354625136363645
chr22_50744437,1.2198270772727278
chr9_117783293,1.4141012555555552
chr15_76443021,1.0135390646464646
chr3_15839597,0.8673342550505053
chr15_45694585,9.092086143939396
chr2_170757269,1.2508049727272725
chr19_37958410,8.804616752020195
chr12_17141891,1.0793720722222215
chr19_31841298,4.661317322222222
chr14_25103395,1.081868716666666
chr19_12305829,3.8791428944444406
chr5_72861597,17.05566993636361
chr12_31890324,1.4912239459595962
chr9_95911108,0.600510644949495
chr19_7294368,4.831676239898989
chr7_42192051,0.6718843287878784
chr6_10412647,2.164605226767677
chr12_80794474,0.9272555565656568
chr9_124262318,2.071043540404043
chr4_159793905,0.7228652333333337
chr9_123165554,2.954129346464647
chr12_6716574,8.154221764646472
chr14_90421286,6.220679081818178
chr9_4986402,2.0271162959595963
chr11_89956216,5.036193760050505
chr20_43850783,1.6590703222222234
chr9_95736802,0.7618876469696974
chr16_55471617,0.8619205797979801
chr9_95790020,0.9605895393939403
chr14_23886495,0.8636314116161616
chr19_38878462,5.996038907575757
chr9_93405389,0.8773245898989911
chr10_22606108,2.1852510444444437
chr1_48866521,0.7817235530303028
chr7_47543168,0.8934249585858592
chr2_104240076,0.7078638550505052
chr19_39574952,0.7749585621212122
chr2_85839361,7.889838436363634
chr17_42277129,20.83818096161617
chr19_13352685,1.364751186868688
chr1_12676624,1.2558735691919178
chr8_49231230,2.441794245959595
chr2_46350383,1.1072652343434344
chr5_156536054,0.8816487444444441
chr1_211665496,0.9259459515151515
chr15_86003936,0.9604053257575761
chr4_135548769,1.1116309803030302
chr10_74807305,0.8865106570707069
chr7_30963400,0.6216218631313135
chr11_84245913,1.3223654282828274
chr20_43251538,1.6941796161616143
chr17_76642275,2.9873154954545473
chr1_113050211,1.6783681338383833
chr11_1938937,0.5660921510101008
chr21_26797222,0.5537070308080805
chr19_51897771,9.043185248989895
chr1_208035368,1.5863001040404032
chr19_50354467,12.710655078282834
chr10_31996374,1.6143617212121217
chr1_205391143,0.41506286868686876
chr14_51706980,8.504586516161611
chr22_24129671,15.229767091919179
chr4_159747109,0.7776603893939389
chr6_160183510,1.7156622338383845
chr14_65233217,1.4708326323232315
chr21_47409567,1.2325916863636361
chr20_10648737,0.7372506742424244
chr4_120549088,2.1853396712121227
chr16_68118719,9.78291242323233
chr2_208634909,5.129781186868688
chr16_3314702,11.18211508585859
chr9_91661809,1.122743813131313
chr22_45015946,0.7396318156565657
chr1_167905330,4.853655359595961
chr2_220403743,1.183265030303031
chr2_202938015,0.6579721676767682
chr8_30272829,0.817186089898989
chr2_220549754,1.749727487373739
chr18_47018912,19.801650175757594
chr10_6622570,1.014035422727273
chr11_19441241,2.307398520202019
chr1_150482405,1.0251178666666672
chr19_13875374,5.459120467171713
chr9_35815038,6.052285257575753
chr19_12877200,1.3537165959595963
chr22_19950105,1.179942328787879
chr11_65826412,1.5082735040404032
chr11_10818907,0.7392497932828285
chr19_6501204,0.9136386095959593
chr6_41514332,4.53247188989899
chr2_203830571,3.064191204545455
chr15_65134113,8.118865749999998
chr11_60609464,14.499914773737368
chr6_85686389,0.8713471691919192
chr6_14783363,4.104107274747476
chr2_165811550,0.727346071717172
chr6_33273073,0.790380203535354
chr2_97535141,4.145688016161616
chr12_120755333,6.706377161111108
chr5_153825516,8.947575436363637
chr19_3270619,0.7411779474242425
chr15_77712445,4.103129392424242
chr21_46330687,0.715681992424242
chr6_13304175,1.841293087373737
chr9_36487815,6.135730037373743
chr15_81069571,1.2736770333333334
chr10_50949664,0.6407148371212119
chr3_135974693,0.902779918181818
chr19_913218,13.190224068181815
chr2_219544042,1.8780690853535351
chr16_30748665,1.0981059484848477
chr17_4046249,22.817281028282817
chr1_145096494,8.676429391919191
chr1_158301075,1.100084374242424
chr13_31722618,0.5997047328282831
chr18_72124415,1.1779810989898991
chr2_85893276,0.7000792549494946
chr17_53396313,1.2141545651515167
chr3_120989097,0.6055484555050501
chr12_106642737,1.5754004601010105
chr7_25268104,0.6170182202020197
chr1_244219824,0.6269440681818186
chr11_62393182,1.045934955050505
chr1_155232056,6.151632249494944
chr1_209796989,0.8265414621212119
chr3_69168403,2.4931836520202038
chr12_113624239,3.9486206888888824
chr16_81480857,0.9265458777777777
chr12_22778146,3.6968200151515163
chr3_35681383,1.2429221570707059
chr19_35786727,1.0631504919191923
chr18_56822992,1.167896365656566
chr13_45781374,0.7938167282828282
chr16_9030495,0.9573116550505041
chr1_179242347,0.810626283333333
chr9_33167156,3.7613441515151496
chr19_47818585,2.4732463479797957
chr6_154568686,1.456675762121212
chr17_7560760,1.014121056060606
chr11_6411818,7.677075562121208
chr6_116690981,1.2596070636363639
chr4_55598237,1.165876427272727
chr11_74870896,0.5861284474747473
chr7_151751611,0.5571570883838387
chr8_103251105,12.499490304545455
chr13_47127366,3.3491212717171712
chr8_22853360,0.8357443545454556
chr19_42595169,1.1173004469696985
chr1_166246843,1.172892524747475
chr16_75682334,17.139985363636374
chr9_74382667,2.7331093747474755
chr11_6518509,1.1496314368686862
chr6_54711568,1.3337956873737373
chr1_177134286,1.4765332303030303
chr9_113342271,1.3805822242424237
chr1_17954527,0.6740506313131307
chr6_31080350,0.5710016272727277
chr9_34195152,0.9924344787878789
chr6_170600569,3.0715866555555595
chr11_64056700,0.5766137954545458
chr9_137283794,2.464552587373739
chr4_146402832,3.1438244555555563
chr2_74135902,0.8612148313131311
chr2_152522783,0.9231948297979797
chr6_150691652,0.5674284314141418
chr14_22927989,0.7048277166666675
chr16_29690500,1.3094520303030321
chr2_1629181,1.7060648060606054
chr2_68582250,1.1349580015151517
chr10_86211972,1.6067403101010087
chr10_127623331,1.137435527777778
chr6_72922667,0.4943533060606056
chr2_89442478,1.1799064934343442
chr1_52213250,0.6059339379797982
chr10_64576601,6.047668395454543
chr10_4855219,0.9670620101010096
chr16_11763818,0.8562087348484848
chr14_21493219,4.5134131636363595
chr4_107237813,4.473084774242417
chr1_162904457,0.5882709242424248
chr14_20869249,0.8682585010101016
chr17_43128893,27.40714744191919
chr12_94180929,1.2494691747474742
chr21_30396959,18.469751771212113
chr16_66995168,2.3506003575757606
chr8_104184330,0.6399611646464645
chr6_292995,3.7257795141414185
chr15_71406717,1.3241434191919201
chr2_242509653,1.164425923232323
chr17_38653592,0.8538563373737368
chr2_97725648,0.9972115691919191
chr9_4159026,0.6349701885858587
chr20_54320086,2.016511441919192
chr6_74405532,1.6537177419191926
chr12_6647534,1.0629916888888888
chr19_1584961,11.495142443939397
chr8_49194627,1.0769974454545448
chr1_204073851,1.2856635818181799
chr22_26879817,17.587991095959577
chr14_54235836,1.174052646464647
chr16_11038379,14.738774526767658
chr9_1050356,2.1511327818181813
chr3_46140161,1.6503668984848494
chr14_58332798,0.5999935323232329
chr15_67493620,0.7025445919191926
chr1_8924015,0.987747068686869
chr8_1971269,1.3541865368686867
chr17_30677647,15.7007111520202
chr19_47840359,0.7431774641919188
chr2_156287981,0.8587388247474744
chr21_20985008,0.8197150533838387
chr11_1770329,1.1940679671717176
chr13_50641408,0.9133891792929295
chr1_151254774,10.897141160101018
chr16_66544111,0.7014358131313138
chr2_70944878,3.1933028656565634
chr16_53479666,0.7859426717171722
chr2_71803434,1.1882707075757584
chr2_38570289,1.2066124252525245
chr11_64546591,18.53171199141414
chr8_62597222,2.3125793292929275
chr1_28052530,10.38550304242425
chr2_232135418,1.1203050040404035
chr19_55919155,14.373362446464654
chr1_156722097,2.284668360606061
chr14_77494746,7.569174207070706
chr11_43964186,5.053340835858589
chr9_132597553,17.79198849747475
chr21_35484160,1.463340031313132
chr8_120886110,3.6373646949494955
chr8_21770027,1.959572577272726
chr6_42665546,1.217885241919193
chr21_36262007,6.048668792929296
chr8_48266412,1.3462098171717163
chr5_77944715,1.9661739383838392
chr15_63578236,0.9228026792929294
chr5_79946826,1.7111334984848479
chr6_32557581,0.0
chr13_28715622,1.0239835520202025
chr7_5635492,2.4949640606060597
chr5_58335103,1.953296515151515
chr19_45977703,0.6533309368686872
chr17_46262252,0.5273108121212118
chr11_65222592,3.92874612929293
chr14_23538683,2.0189475419191933
chr4_779409,1.6053435070707067
chr5_88018346,1.1225336252525242
chr2_47397098,0.776585610101009
chr1_94240850,1.066636401010101
chr17_14254891,0.9105281419191921
chr12_110940135,7.582026810101013
chr13_84070857,1.8609014106060608
chr14_75034580,0.6969265651515151
chr20_25604683,7.465343878282835
chr5_150159545,0.8171400883838378
chr19_489165,15.789934236363639
chr13_36920496,3.5215491808080803
chr16_82172849,9.358013787878797
chr11_64948843,7.763382778282827
chr9_102358209,1.273753160101009
chr15_101140754,1.1120674681818186
chr21_27543445,4.135396052020201
chr6_101329332,6.948324988888895
chr6_159096540,2.0368821585858563
chr22_50609178,0.47184586297979814
