chr1_957606,1.5774033373737353
chr1_1288107,0.9069827732323236
chr1_6479978,2.8023508878787897
chr1_9017240,1.178538707070707
chr1_9690069,2.032032603535354
chr1_10003356,10.465786306060613
chr1_11865535,19.129136346313135
chr1_14026770,3.9667516717171702
chr1_15736448,10.364745322727256
chr1_26737334,2.49691875909091
chr1_28503719,0.7752987863636364
chr1_28785612,1.0719182772727271
chr1_31206490,1.0756023606060616
chr1_33447013,2.3262563227272715
chr1_36273750,1.6163778106060613
chr1_36851791,16.413142791414124
chr1_40157639,2.337115039393938
chr1_40845252,0.8197099590909094
chr1_44457270,3.556612107575757
chr1_45280243,5.831412773737378
chr1_46859988,1.6565753070707072
chr1_47138638,1.621697814646464
chr1_48121226,0.6004170232323226
chr1_52800802,0.7547933525252525
chr1_56984962,0.6589418414141412
chr1_59762765,5.733970243939387
chr1_65531879,2.228735194444444
chr1_65992055,0.6183186883838383
chr1_66716224,0.8303536297979798
chr1_66797855,0.9841124762626251
chr1_66815783,0.9011365696969689
chr1_67217965,0.7674695171717172
chr1_87170426,4.784172934343439
chr1_94752933,0.860620388383838
chr1_98386555,3.749630131313129
chr1_101701788,1.6599947606060628
chr1_111215543,0.9804679616161618
chr1_111743222,1.6155467747474757
chr1_114473808,2.077604834343432
chr1_145556689,1.9169377883838388
chr1_145575210,7.5506246636363645
chr1_145580191,0.8887310373737377
chr1_147806888,8.05837011313131
chr1_150230495,1.0090346358585869
chr1_151139031,17.45922437676765
chr1_151964881,2.210755176262626
chr1_152975587,1.586021006060607
chr1_153588799,0.8676086954545462
chr1_154377900,1.0947458797979792
chr1_154936288,1.1900764595959596
chr1_155197225,8.31226267575757
chr1_155294086,9.459968897979808
chr1_155949944,1.0519061818181825
chr1_156339002,0.9110594686868699
chr1_156712507,0.7203954984848482
chr1_159751035,4.856532624747474
chr1_160793354,0.7907556757575759
chr1_160990529,4.239457388888888
chr1_161284055,4.490072155050505
chr1_167599455,1.505347884343435
chr1_167892936,1.0017989303030301
chr1_168154027,0.7281239232323233
chr1_179560989,1.4486863111111103
chr1_185284236,1.4793880601010092
chr1_186084396,1.0509400101010093
chr1_186344359,14.353076307575765
chr1_186803698,0.5994853560606062
chr1_201333450,0.8007812727272726
chr1_201868843,1.5540493555555546
chr1_202936379,11.970376431818186
chr1_206702225,0.74557318989899
chr1_207510166,1.966246483838384
chr1_209830794,2.0369682020202027
chr1_212716427,0.7211578671717179
chr1_214099307,0.912771074747474
chr1_214162545,3.1467710222222216
chr1_216596789,1.4916542914141393
chr1_218519276,3.1107110580808057
chr1_223976802,1.5658645080808105
chr1_224803816,2.1172779969696967
chr1_226071805,0.7021020388888888
chr1_234614590,4.899989548989901
chr1_235116349,2.04487639949495
chr1_236205365,2.8440780459595953
chr1_236420858,0.8442566474747475
chr1_236767787,6.21619531818182
chr1_237443103,0.38155803323232307
chr1_237634253,4.176865658585859
chr1_240370407,1.4322627040404035
chr1_243449862,1.5201840151515167
chr1_243859016,1.3449174853535357
chr10_180367,2.057349096363636
chr10_7228864,1.0804395207070703
chr10_7763613,1.2650710712121196
chr10_11192701,1.1983732601010095
chr10_12110955,6.3775932787878755
chr10_14621518,1.2252985116161608
chr10_17275609,1.0927972787878788
chr10_29115175,1.1313844555555566
chr10_35485023,4.333290031313134
chr10_43633756,5.726309248989901
chr10_45474256,3.5346553570707067
chr10_46970600,0.8795836762626258
chr10_51575846,0.6397219151515158
chr10_63809139,1.9962025065656592
chr10_63978879,0.5936172116161613
chr10_65281162,1.1002557626262628
chr10_70883939,10.418674401515153
chr10_72554306,0.9499835636363629
chr10_73638218,1.907532588383839
chr10_73821367,0.798068601515152
chr10_75634246,1.9083834964646458
chr10_79397413,3.1249931883838373
chr10_80732669,2.5363106742424244
chr10_81049540,0.5744138676767676
chr10_81051928,0.9384898030303028
chr10_81057358,0.6599408035353547
chr10_86094064,1.9743408347979812
chr10_86101124,1.1217671353535348
chr10_94003012,2.351316532828281
chr10_95353638,0.8758929313131314
chr10_98416703,0.9696573450505045
chr10_98592758,9.323854400000002
chr10_102505316,2.7870576202020203
chr10_102792195,1.1322262106060599
chr10_104591250,0.7138537803030301
chr10_105037607,4.710632315656558
chr10_105726926,4.712879171717169
chr10_105877832,1.5727055101010108
chr10_109196508,1.143657053030303
chr10_110032749,2.3967737732323218
chr10_110359337,1.262036233333334
chr10_114711024,3.289399865151515
chr10_118031736,1.1536813550505052
chr10_118187358,0.5630432474747474
chr10_126848952,3.970573605555553
chr10_127741427,1.0569743126262618
chr10_129907236,1.9179789282828283
chr10_133812431,1.3703791676767685
chr11_559474,0.9195087383838385
chr11_825061,1.1310028939393937
chr11_1778651,0.992709468181818
chr11_1862436,0.7039233449494944
chr11_2290466,4.119365127020202
chr11_3147877,0.7941538535353533
chr11_4415032,7.720190814646461
chr11_6635187,0.5856141207070709
chr11_7695083,4.74264326717172
chr11_9797257,0.9832209696969706
chr11_16929900,0.7729074494949497
chr11_22688165,0.8511865515151524
chr11_44972330,2.7699676575757577
chr11_45307773,1.9886249420202025
chr11_46354762,0.7598279156565655
chr11_46664779,2.1794141252525265
chr11_47428619,0.8652811489898987
chr11_57335301,1.681357499999999
chr11_58967511,1.9040692424242422
chr11_58980451,1.2420977818181835
chr11_59040893,0.7667655843434354
chr11_59633959,1.50145853131313
chr11_61584368,1.5515253858585838
chr11_64002055,1.239452476262626
chr11_64624395,0.6591429762626267
chr11_65190623,5.3600981570706985
chr11_65292568,5.217595552020211
chr11_73363902,0.673083192929293
chr11_73694006,3.965598685353532
chr11_74814779,4.485795664646469
chr11_75110562,11.865064067171714
chr11_75201756,1.2319653287878793
chr11_75379054,1.7578071863636364
chr11_77184628,4.836345823737374
chr11_102661536,0.7832749803030303
chr11_102667867,1.0861209217171723
chr11_107799173,3.5690850898989885
chr11_117074124,1.0470453878787866
chr11_118185163,0.7478946217171715
chr11_123300307,1.9435952969696961
chr11_123300976,2.560060272222222
chr11_125761329,1.1214730166666673
chr11_131533503,0.9247958823232321
chr12_1703359,24.585589270202014
chr12_1704007,24.681387948989887
chr12_4381770,2.706807847474746
chr12_4409324,1.3853044121212121
chr12_6450140,1.4893758772727281
chr12_6782380,1.7181842686868696
chr12_7068463,0.968652607070707
chr12_7080075,25.081580404545473
chr12_8310488,1.4949162964646479
chr12_11421565,1.2506953838383852
chr12_11460099,0.7874725717171718
chr12_11462336,1.0671898878787882
chr12_11931461,1.193336279292928
chr12_12419897,2.456406305555556
chr12_20521908,1.4655499798484841
chr12_20848476,1.1674784508080815
chr12_21487850,1.2833535448484845
chr12_27091436,15.445317385858596
chr12_28123434,1.4757368212121214
chr12_40953971,0.6246746277777779
chr12_46385841,1.7216849449494949
chr12_46781668,1.0268594070707064
chr12_47610211,2.104305048989899
chr12_49366439,0.9689659676767685
chr12_50064938,1.7975081303030296
chr12_54070573,9.794059685353545
chr12_54807209,0.6669321520202028
chr12_56623857,1.4645854858585863
chr12_57400270,1.364053937878787
chr12_58165887,8.43085919242424
chr12_58166438,8.148319961616151
chr12_60083152,0.4801486289898987
chr12_65146738,0.9969459151515151
chr12_69747781,1.8072518055555569
chr12_89745978,2.7735957020202013
chr12_96184393,0.8206662075757581
chr12_100041530,0.864456821212121
chr12_102315620,0.7537809723737373
chr12_104712754,0.8943197141414149
chr12_108728506,1.2030699297979812
chr12_110011357,6.298482737373739
chr12_111099308,1.7630632308080818
chr12_117496368,0.8398894045454547
chr12_118541761,2.015186207575757
chr12_119540121,1.1495436439393938
chr12_122239892,3.089812792424239
chr12_124421807,1.7191407336363649
chr12_127254832,1.4639161436363632
chr13_25875693,9.69428792828282
chr13_28024674,11.750672611111113
chr13_30083984,0.7500051464646472
chr13_32329335,0.6931281257575755
chr13_36920496,4.311018036363635
chr13_47127407,3.7955839045454574
chr13_48984657,0.4804311349999999
chr13_50583154,0.5846586398989901
chr13_50903757,2.8610977989898987
chr13_52026663,21.581196998989903
chr13_54167898,2.9311076505050546
chr13_56606263,0.6725202989898994
chr13_70035787,0.9853298949494949
chr13_72440444,1.5734676722222216
chr13_90939655,1.1383974212121217
chr13_99852862,17.829730236868674
chr13_100084356,1.2723214858585856
chr13_105493720,0.9919823474747468
chr13_111972862,0.9435511262626259
chr13_113928689,1.5437104818181806
chr13_115047085,12.524535461111116
chr14_21537953,1.9930365712121205
chr14_22771940,0.7627022671717175
chr14_22928075,0.5597690258585858
chr14_24047998,0.9386458873737377
chr14_31028363,8.238770573232317
chr14_32964471,0.9499440914141419
chr14_35405084,1.2551500439393932
chr14_40235877,0.6770700687878796
chr14_51259612,1.2500071747474752
chr14_51562811,3.3795389000000005
chr14_51977471,0.6155575439393939
chr14_52794068,1.1515487393939394
chr14_53019553,6.28781434444445
chr14_55117528,1.1335638161616162
chr14_55494299,7.218155656060605
chr14_55595775,0.8707287858585857
chr14_58332640,0.812459091565656
chr14_59932097,1.9377792267676741
chr14_65170108,1.6482239994949492
chr14_65233217,1.343036196464646
chr14_65823561,1.3252390747474738
chr14_65879739,2.3442866656565653
chr14_69536027,1.1070707818181806
chr14_71791805,1.4984547252525253
chr14_74892961,1.0283633464646453
chr14_75894724,1.2052243101010118
chr14_76005795,1.8517199479798
chr14_77608010,1.5887440525252552
chr14_81421456,1.7103946010100988
chr14_94421656,1.660988688383838
chr14_94859194,1.6890816883838382
chr14_96829627,21.71288423686869
chr14_102286802,1.3305386318181822
chr14_103395015,5.113950691414141
chr14_103587764,1.0704172782828285
chr14_104405407,0.8593831272727268
chr14_105491506,1.908385429292929
chr15_27018447,2.7383405878787865
chr15_27075715,6.7346638545454525
chr15_30010701,2.1465816500000017
chr15_37392546,5.155384181818178
chr15_39683477,0.7438379328282829
chr15_40398024,1.4649107348484858
chr15_40600135,3.9924545944444434
chr15_40648293,0.8817175590909093
chr15_41628868,0.5995184631313132
chr15_43486275,1.0812185045454539
chr15_43559125,0.8067451323232326
chr15_50429975,1.209998371717171
chr15_52632671,1.2244360424242415
chr15_53016848,4.794859653030305
chr15_58476530,0.8350501777777763
chr15_62465682,1.2139387898989908
chr15_63372468,0.8616334924242425
chr15_71726802,1.023145508585858
chr15_73450575,0.5461605505050507
chr15_75199156,7.374922415656564
chr15_77712145,4.961653896969703
chr15_78365175,0.8903470888888888
chr15_79383191,1.3817213101010117
chr15_83776396,1.3942555742424223
chr15_84322464,0.96138343010101
chr15_89647344,1.0714992530303034
chr15_90348444,1.0563785535353527
chr15_93616552,2.4404918424242434
chr15_93965971,0.543340097979798
chr15_98772966,0.6798154106060605
chr15_99670324,1.8339375151515138
chr15_99995430,1.559568183838384
chr15_100875764,0.6890721787878783
chr15_101389956,2.0868833676767675
chr16_609836,0.8195153747474748
chr16_639811,24.06373007020202
chr16_740397,19.038638951010117
chr16_1279202,1.0022647511111107
chr16_1308073,0.6981859361111107
chr16_2022055,20.00963401313132
chr16_3054197,3.711161851515151
chr16_6533823,0.9950199904040397
chr16_6604656,0.6920564196969693
chr16_7555726,1.4536908333333334
chr16_9069006,1.321607434848485
chr16_10989812,1.083031466666668
chr16_15835645,0.8527337878787867
chr16_15982449,7.248050245959591
chr16_17564816,2.555356678282828
chr16_20321812,1.37977611969697
chr16_20331715,0.6806488303030306
chr16_20818106,5.585734827272737
chr16_23961481,1.0272230136363643
chr16_28914364,1.189204562626263
chr16_29302799,3.9526646883838428
chr16_31366357,1.9016046525252515
chr16_48307135,0.4820653621212122
chr16_52640837,0.6522418717171717
chr16_53479692,0.8156615005050499
chr16_66638690,5.688895665656558
chr16_67208254,1.7572474015151531
chr16_68389537,0.981791625252524
chr16_69176018,0.972970837373738
chr16_70558354,6.41810351161617
chr16_81302694,0.7119959313131307
chr16_82226638,0.9210232560606058
chr16_82661826,0.9814965106060601
chr16_85617087,0.9737134005050503
chr16_86755614,0.7543432616161623
chr16_89253931,0.628836921969697
chr16_89679943,1.0543463606060608
chr17_1302451,5.930259370707073
chr17_1515129,0.9214868757575749
chr17_1794586,1.4179659555555546
chr17_2114051,0.9456785439393942
chr17_2140085,0.5944520984848488
chr17_3379411,1.0515004121212121
chr17_7212289,4.290938563131313
chr17_7559350,1.23571865
chr17_7749247,1.6470181383838363
chr17_9745803,0.8287037035353548
chr17_10401100,1.4623091954545466
chr17_10701211,0.8932525353535364
chr17_26695001,0.6568570939393936
chr17_27044585,1.1608596838383844
chr17_27044907,1.2344118055555553
chr17_27052905,4.339971622727273
chr17_27370237,1.3445409252525244
chr17_28927378,1.4709947888888903
chr17_29887203,0.7176890489898984
chr17_32646453,1.9777071247474745
chr17_32906512,1.7277563025252525
chr17_36608674,1.451758983333333
chr17_36729260,0.9598792535353544
chr17_38506037,1.2410247828282823
chr17_41832316,1.3230922398989913
chr17_42327602,1.0419802247474748
chr17_42400691,0.8563195242424249
chr17_42519579,0.8007435126262635
chr17_43303484,2.551887603535353
chr17_44834053,0.8714369646464646
chr17_45728430,9.128524562121218
chr17_45918626,3.0973416520202037
chr17_46626834,1.372389022727274
chr17_46655571,3.933910289898995
chr17_46824779,1.2653783499999984
chr17_48207176,1.4455613272727268
chr17_54993300,1.8781940545454556
chr17_57915084,4.783654218686873
chr17_57917214,0.6684083565656564
chr17_58469914,16.249982541919184
chr17_61514835,3.063261644949496
chr17_65821638,8.26843689242424
chr17_68295269,0.9546280570707067
chr17_71952127,0.790992254040404
chr17_74128861,0.7936515520202009
chr17_76227711,0.5787764015151516
chr17_76554529,2.169267266666667
chr17_76921259,2.551736322727273
chr17_77704885,1.1713152055555556
chr17_79813447,0.9348656404040413
chr17_79825897,0.7583370303030305
chr17_79826642,1.4726211126262634
chr17_79829177,12.532678748989888
chr18_709490,3.32543267929293
chr18_2843401,1.4041196782828276
chr18_3449493,3.448200823232323
chr18_3449625,3.3683906414141407
chr18_7365181,2.707014080959595
chr18_9136439,11.341804237878785
chr18_11981477,5.832560239898987
chr18_13567042,0.8769440383838389
chr18_32164240,0.820195036868687
chr18_32578765,0.8301156553535354
chr18_33677051,1.3548005252525248
chr18_40302032,0.5512949070202017
chr18_43844715,1.1707787752525243
chr18_44448808,4.288635687373738
chr18_44497516,4.031879512121209
chr18_53145007,1.3675007782828292
chr18_56815161,0.5721427550505048
chr18_61569712,0.9779048928282832
chr18_62480395,4.369912506060605
chr19_1907630,1.1818492068181814
chr19_2289998,2.0465067696969697
chr19_2495379,6.100013887727275
chr19_3951079,3.6888796919191935
chr19_3980043,0.9186236469696966
chr19_4007748,13.92935561363636
chr19_6246612,1.2210804752525244
chr19_6495971,1.2865885191919202
chr19_6530881,5.848998567171722
chr19_7099216,7.149431088383836
chr19_8122776,0.9669650237373743
chr19_10311871,0.5359022349494948
chr19_11071705,10.54249506161617
chr19_13842582,7.151798242424243
chr19_14117749,10.049243060606047
chr19_15580896,1.0536486914141414
chr19_16187277,5.548754851515153
chr19_16437801,1.8235375797979805
chr19_17580405,9.029995909595957
chr19_18061249,0.9518283080808072
chr19_18303568,7.7975845343434385
chr19_18451968,3.861918469696968
chr19_18613494,0.8683756691919196
chr19_19431893,11.483260963131304
chr19_23570741,0.6310805712121209
chr19_33064481,9.365831255555571
chr19_33814165,4.466499307575759
chr19_37795247,5.445167266161619
chr19_38774368,1.2300346308080805
chr19_38886475,2.029720056060607
chr19_39109573,13.541122354040395
chr19_41104401,2.490438450505052
chr19_41727838,0.7456308590909091
chr19_42037453,8.521640330808074
chr19_42637520,3.342608272222224
chr19_44187547,1.0180217212121205
chr19_45251294,4.720505111616163
chr19_45821247,0.8326766404040392
chr19_45822863,0.6937342055555561
chr19_46144849,3.2231581242424276
chr19_46191763,1.238232615656567
chr19_46318543,2.194839229292929
chr19_46440380,0.935888393838385
chr19_46763345,0.9594072707070715
chr19_46804144,0.8432072055555552
chr19_47585437,1.5133871868686863
chr19_47729530,8.444133153535354
chr19_49140262,3.4406959505050487
chr19_49142316,2.877910360101011
chr19_50285945,1.102563504545454
chr19_50691445,0.6544666388888886
chr19_51538022,0.8838707025252527
chr19_54714797,1.1794800459595958
chr19_55549735,1.8044668989393908
chr19_55769903,11.841292611111111
chr2_677452,21.49465177171718
chr2_1318193,1.3258290479797983
chr2_8819377,2.6264811035353515
chr2_12857257,3.221882954040402
chr2_15200069,1.1321697085858575
chr2_36796852,0.6987673772727271
chr2_37571858,1.1909861303030294
chr2_37843282,1.055571320202022
chr2_39711082,1.4470745428787872
chr2_39892323,1.3011408106060618
chr2_40006325,5.191343607070711
chr2_42483659,0.8190418479797974
chr2_43364159,0.5765686959595961
chr2_43370252,2.6255783196969698
chr2_45168622,2.231131935858585
chr2_46588157,1.0254265444444444
chr2_46609591,0.9896200717171721
chr2_47043837,0.5372513222222223
chr2_47213022,2.0739244732323217
chr2_54683921,1.9715295924242437
chr2_55277458,8.622245084343437
chr2_58630196,0.2415420705555555
chr2_60695914,1.2457388565656553
chr2_64680587,0.9197005818181814
chr2_65593803,3.0119526777777783
chr2_70246162,1.8184682277777795
chr2_71056916,1.0261357691919186
chr2_71134479,0.9645095636363636
chr2_73869519,0.8946586585858587
chr2_74685564,3.6854236010101
chr2_84652696,1.3706154368686867
chr2_85209546,0.6659255176767679
chr2_85329821,1.43813382070707
chr2_89161209,1.1436643843434346
chr2_95637983,0.7196373393939386
chr2_96991842,1.7521061318181814
chr2_99980275,1.5241086975252522
chr2_102758340,1.650893457575758
chr2_103236013,1.417515572222221
chr2_108602979,1.378044694444444
chr2_109605639,0.7134191636363643
chr2_113534775,0.7672089474747469
chr2_113836348,2.0517544176767673
chr2_117770030,0.8161289560606055
chr2_119028273,0.6004443449494955
chr2_123516785,0.9802494681818186
chr2_127822458,3.0756508542929297
chr2_128399736,0.4715713979797985
chr2_131513479,0.9275721217171715
chr2_135476609,1.8687594782828263
chr2_136499437,11.906156540404034
chr2_136499489,11.85827210959595
chr2_138722229,3.0577793080808107
chr2_140624840,0.8851645287878787
chr2_143631832,1.615349542929293
chr2_144385303,1.2230323964646472
chr2_145246495,0.781085129797979
chr2_145248918,0.9187232010101011
chr2_145268150,0.9976916016666664
chr2_145271541,0.9743767883838388
chr2_145273261,1.8563672020202027
chr2_145365386,1.4407573984848476
chr2_149403687,6.045964640909093
chr2_150443721,8.538338800505052
chr2_152375562,1.190983802020202
chr2_153532968,0.5939168202020196
chr2_157191396,2.6359614020202033
chr2_160085230,1.0679558474747481
chr2_165701550,0.38951439217171735
chr2_174889048,1.5402774409090911
chr2_175199681,1.4304371696969693
chr2_179440466,1.662994524242424
chr2_179456528,1.5324447242424248
chr2_181845331,4.277862263636366
chr2_184056427,1.0803967257575755
chr2_187542530,0.8387647843434345
chr2_189156760,3.2681244035353556
chr2_191273411,1.9802892545454556
chr2_191878166,10.003174804545452
chr2_192214808,0.63037658030303
chr2_196710974,1.9788328010101006
chr2_198288630,1.0996395489898982
chr2_201474075,0.890491384343434
chr2_202645840,12.505913649494953
chr2_202899292,8.616816075808073
chr2_204732529,0.7732400464646461
chr2_208394460,9.003670292929295
chr2_210559640,1.0287991747474756
chr2_210597694,0.6552000429292929
chr2_212163946,0.7179234297979797
chr2_216229653,0.681811658585859
chr2_216249610,1.1453661333333334
chr2_216301152,1.9999138833333323
chr2_217540178,0.8309314717171722
chr2_218723337,1.6745169934343436
chr2_218802267,1.1702188611111093
chr2_218867748,1.3864311888888894
chr2_219103336,0.9459621621212119
chr2_219472594,0.7645347510101023
chr2_220094065,6.485836611616167
chr2_220285337,1.3236391848484836
chr2_223536233,1.0326208186868682
chr2_223919891,1.5817197575757591
chr2_225450169,19.361892615151497
chr2_228246442,1.3384453005050492
chr2_228736326,1.4566099429292927
chr2_230118305,0.6237477032323229
chr2_230934531,1.1108490757575749
chr2_233925051,2.5710659818181845
chr2_235373255,0.9344849449494942
chr2_239756746,3.665557394949491
chr2_242157667,1.7468425121212117
chr2_242808406,0.7540391884848479
chr20_4100567,1.6210412393939402
chr20_7741650,0.8063098262626267
chr20_15967658,0.9194673010101012
chr20_32250079,0.6437466404040403
chr20_33880177,1.0284385222222232
chr20_36299072,1.2682650944444451
chr20_43727215,1.7401159848484855
chr20_43850379,1.509029485858585
chr20_45192258,2.0701320949494955
chr20_48429242,16.090914855050507
chr20_48699281,1.063796559595958
chr20_48789126,1.8355091994949493
chr20_56121292,1.1424634949494958
chr20_59737769,1.5315728252525247
chr20_61827476,1.0337915146464636
chr21_17566859,1.581906015151515
chr21_19191690,3.9956864474747498
chr21_21823914,0.7662647303030302
chr21_24400376,0.49784858494949497
chr21_27794751,3.6095771782828288
chr21_30565780,2.3670045262626243
chr21_30671200,5.661570821717171
chr21_33785063,1.352424025757576
chr21_36186098,1.1735177969696982
chr21_36261844,5.114430493939391
chr21_36430063,0.6666446863636366
chr21_42694820,1.2622558479797998
chr21_45138850,4.252943127272727
chr21_45285010,3.322208212828282
chr21_45602462,0.8201260964646457
chr21_45845532,2.7854824247474714
chr21_46221734,13.341676744444454
chr21_46806916,1.2818875696969694
chr22_18358446,1.1945594015151524
chr22_26565090,1.9719132893939404
chr22_29885983,2.651938676767677
chr22_30821723,0.9465657348484849
chr22_36003212,0.5750735363636361
chr22_36236448,6.995084638383838
chr22_36691032,1.0021298790909086
chr22_36782256,0.8426159388888885
chr22_37697751,0.9354107126262641
chr22_38201597,3.3647653267676767
chr22_38609579,0.9731039156565657
chr22_38881455,1.0172834348484845
chr22_39486675,0.502501328282828
chr22_39540681,4.222434305050505
chr22_39638225,1.0943698270202011
chr22_39898164,13.720278710606063
chr22_42466628,4.385663577777783
chr22_42665517,2.001191041919192
chr22_44464684,0.946316331313131
chr22_48584423,1.426160984343434
chr3_5020039,4.9974898131313115
chr3_8543347,1.492707618181818
chr3_9834239,18.02465110454543
chr3_10215954,1.0541639191919179
chr3_11314060,17.39418186919188
chr3_12629485,0.6303332792929301
chr3_15443416,1.512684904040404
chr3_16973471,1.0607181409090911
chr3_18480183,0.516268886363636
chr3_18486813,2.169621302525254
chr3_21584234,4.591748520202015
chr3_23958451,18.311824786868684
chr3_33175717,0.9708306683838384
chr3_33260358,0.849896826767676
chr3_34191790,1.1509899207070695
chr3_37368556,1.2473048656565662
chr3_39195051,6.374909880808076
chr3_42663272,0.43505141212121223
chr3_42695188,2.642331806060605
chr3_46059297,0.7421232989898987
chr3_49209043,3.64945219848485
chr3_50367253,0.6431754560606051
chr3_54952466,1.1244684717171733
chr3_57875759,0.9498729979797979
chr3_58551386,0.6427029898989897
chr3_58551761,0.6185786661616156
chr3_61624293,1.1181151282828283
chr3_62359980,1.2644339540404046
chr3_65366486,1.1273722232323238
chr3_69812770,1.3582797646464662
chr3_71115674,1.5544294545454536
chr3_72324362,0.9761603181818181
chr3_108836980,2.448982842424242
chr3_113557665,1.7509063176767676
chr3_118905584,0.6173561606060606
chr3_119274449,0.5507667646464653
chr3_123419864,1.3523683535353537
chr3_127795840,4.2522355103535325
chr3_128203017,2.913167869696976
chr3_129695651,0.9846633222222217
chr3_148847521,5.705150803030298
chr3_149079051,0.7496784752525241
chr3_150126109,14.262910420202019
chr3_156877329,7.839510826262624
chr3_158289010,2.184612037373736
chr3_164177570,2.5180944010101025
chr3_170469255,0.9323927727272715
chr3_171529125,1.381841560606061
chr3_177159519,0.9184647969696972
chr3_179041586,3.134807899494949
chr3_179322458,13.130925684848494
chr3_179689277,0.9217645909090911
chr3_181444831,1.2374587762626263
chr3_183234320,1.3214291742424225
chr3_183354561,4.312138751515151
chr3_196229762,5.6663357651515165
chr4_59343,0.9792707398989904
chr4_6698860,1.061872788888889
chr4_7650030,1.5085016287878796
chr4_7833235,2.5219715373737386
chr4_8014651,0.6609670691919185
chr4_8321887,1.0691323358585851
chr4_40859171,1.561399691919192
chr4_41750070,1.3175903919191916
chr4_42154671,2.5721741787878787
chr4_47477136,0.8266713821717173
chr4_47840082,1.1052225813131302
chr4_70465478,0.9459171464646454
chr4_70893958,0.8862762525252521
chr4_77957511,0.6262473379797983
chr4_78741451,5.677064815656566
chr4_79550557,6.381132347474745
chr4_80994625,2.5967425929292935
chr4_82529239,0.6012351682828283
chr4_82965593,1.0849409181818184
chr4_83295720,23.997841220202016
chr4_89282614,4.008572463787882
chr4_90856416,1.2724655111111112
chr4_101112031,1.8209611227272728
chr4_103748919,21.472844339898973
chr4_110749112,0.6091301619191918
chr4_120987910,9.129019451515143
chr4_134070448,5.50240871414142
chr4_141719260,0.9026333166666662
chr4_143226984,0.9842875688888894
chr4_143369480,0.8555509050505055
chr4_145629393,0.6209449133333336
chr4_153421646,1.235664431818182
chr4_160188976,0.8054533651515149
chr4_169425249,2.270510535353534
chr4_169540050,0.9593570191919184
chr4_172184475,0.9723415454545455
chr4_174450102,0.9846872045454544
chr4_180980125,1.5529641035353523
chr4_184270976,6.180928226262628
chr4_184365788,10.904295399494956
chr4_185729673,0.7648728833333337
chr4_185781202,1.208644152525252
chr4_186733036,1.41597500959596
chr4_189384060,0.2635209474747475
chr5_11904557,1.0755276702525258
chr5_15427097,0.5751612188888888
chr5_25649894,3.188134536363637
chr5_28614677,0.6852567872727264
chr5_38557377,2.576749784343435
chr5_39217927,0.700715610101009
chr5_51202183,0.9913113358585854
chr5_56804852,1.0171140575757587
chr5_58652762,1.0889277510101003
chr5_67588424,0.8580971520202022
chr5_68042172,1.055147213131312
chr5_72469022,1.008904773232322
chr5_73158867,0.7606671393939398
chr5_76248869,0.8399287171717171
chr5_79026043,1.7892085454545459
chr5_82834851,2.011135569696971
chr5_87980863,1.2603846414141406
chr5_88179263,3.603835718686873
chr5_109026061,6.335228465151514
chr5_110818196,0.7458277297979801
chr5_111496598,24.894195857070724
chr5_118691713,1.165117036868687
chr5_129240251,3.426262082828281
chr5_132362240,4.961623392929295
chr5_134259210,1.2882785262626266
chr5_135382134,1.071512961616161
chr5_137088451,3.1958305196969694
chr5_138725014,1.317663012626261
chr5_139055068,1.7200108949494952
chr5_139488850,1.3664661348484857
chr5_139726187,4.0618647404040376
chr5_140718307,1.5446487919191934
chr5_140984187,0.8132234409090909
chr5_140998623,6.445343334848478
chr5_145483301,0.7171012747474745
chr5_148650941,2.999293989393938
chr5_150019912,2.383440565151512
chr5_150036926,2.0724728550505036
chr5_150159748,0.853170134848485
chr5_156362624,0.8708822161616162
chr5_156496397,2.5234729833333347
chr5_157079445,6.807735899494949
chr5_168272127,1.0503903636363652
chr5_171404732,3.7795104318181822
chr5_175300018,5.448597224747474
chr5_179045287,0.9670358580808069
chr6_389801,1.022715322222222
chr6_3023197,3.5673178272727295
chr6_7580337,3.2951296010100997
chr6_11318348,1.2285518055555553
chr6_12749708,2.835939075252522
chr6_14131828,1.0229444944444448
chr6_14666464,1.6353185560606054
chr6_14706919,2.2155521257575765
chr6_15245740,6.66634762474747
chr6_16218937,8.62248650959596
chr6_17280610,1.0606377262626268
chr6_18256041,0.9726388282828277
chr6_18387580,2.1077204979797983
chr6_19418215,2.344587195454543
chr6_25007573,2.2207099868686853
chr6_26271849,2.5221175111111096
chr6_28220043,4.8568392919191945
chr6_30652244,1.3928696792929298
chr6_31465854,2.5984216560606064
chr6_32944014,1.628945976767677
chr6_33385883,10.57766371818182
chr6_35026038,1.1961813505050487
chr6_36646514,2.6991649494949503
chr6_36654640,0.7074112611111105
chr6_44193805,1.5112354621212112
chr6_46293387,1.3845648813131293
chr6_47445947,3.9831208914141403
chr6_74231185,20.467218239898976
chr6_83073130,3.0655056287878804
chr6_94129538,2.434685731313131
chr6_96463849,1.6793276015151524
chr6_101958417,0.8471310333333333
chr6_108581551,15.76882272626263
chr6_109196328,1.1816532944444442
chr6_111995741,0.6467674439393941
chr6_114292277,3.6539022404040384
chr6_119524181,0.7204708737373745
chr6_131291577,1.14912257070707
chr6_131949369,11.230833397474752
chr6_132271908,1.0299417555050507
chr6_136359574,1.016432254545456
chr6_136512176,1.4977813666666666
chr6_136606475,0.5839555342424247
chr6_139456216,3.706124249343434
chr6_154831764,2.6131438959596
chr6_159191107,1.1245652323232316
chr6_159206426,1.017773982323233
chr6_159240030,6.409418887878789
chr6_160105965,1.0443961560606057
chr6_166366340,1.1695178439393943
chr6_166401539,1.4621197262626269
chr6_167528232,1.1262644787878786
chr7_389976,1.124107625252525
chr7_641129,0.811383940909091
chr7_2671579,4.712000061363635
chr7_2797829,4.546282941464643
chr7_5229863,14.2711273040404
chr7_6297421,0.9240104156565652
chr7_6913806,1.3894340989899001
chr7_7298617,1.7714021843434347
chr7_11013456,9.481613559595967
chr7_19812168,1.1699438631313137
chr7_20370835,1.0240975242424237
chr7_20484462,0.8408941979797979
chr7_21401647,1.1826917217171722
chr7_27642616,1.5061762844444446
chr7_27811131,0.642820124646465
chr7_28964054,0.8384077292929295
chr7_30811103,4.193753503030299
chr7_31787270,5.681826125757573
chr7_37487473,2.0698204494949497
chr7_38296563,1.7425032777777794
chr7_55583745,0.992494366161617
chr7_55601089,0.8880009530303031
chr7_55944798,0.8241476545454542
chr7_56074800,0.8946116989898991
chr7_69382291,0.7095575249999992
chr7_71407217,0.9246750722222221
chr7_73483292,0.8997518085858585
chr7_75443123,0.9423348742424237
chr7_80929713,0.9392341111111117
chr7_89841199,1.238092694444446
chr7_95775972,0.7220220929292931
chr7_99097903,12.453229860101018
chr7_99995228,1.0065600414141427
chr7_105917026,1.2263220595959605
chr7_105920415,0.5400931429292932
chr7_107369033,0.7261646969696971
chr7_107883587,0.4702816808080806
chr7_108097232,1.2268575404040414
chr7_111724272,0.6743209106060601
chr7_121072554,0.9243953358585865
chr7_123302972,3.119504774747478
chr7_125557916,0.6239590005050513
chr7_126173909,1.1996495247474748
chr7_127671485,4.177146167676766
chr7_127983961,14.030491173737389
chr7_132261266,0.8481511257575757
chr7_133286487,0.8214255974747479
chr7_134576296,1.6553873040404046
chr7_139826314,0.6417269954545456
chr7_140341259,1.054134856565656
chr7_140508149,1.0143412040404045
chr7_142334733,1.7527287202020227
chr7_142460778,1.010640668686868
chr7_142494543,1.186726831818183
chr7_144539926,2.5662287888888913
chr7_148287857,0.6049045621212117
chr7_148504904,1.6241355035353522
chr7_150554688,0.9789043914141412
chr7_151493608,1.6800404196969707
chr7_151554212,1.1853512212121209
chr7_152594104,1.1014114348484854
chr7_154684992,4.13126853131313
chr7_154997503,9.29585199090909
chr7_157647489,1.5643837904040396
chr8_5335806,0.591269617272727
chr8_6589564,0.8456123348484845
chr8_8751129,2.1738244171717156
chr8_10697317,20.637948888383843
chr8_11396784,0.7400978060606062
chr8_11872671,1.2786132691919208
chr8_19674667,14.321219898484857
chr8_21861541,1.069007844949494
chr8_22084410,1.830538516161616
chr8_22422794,2.696334230303031
chr8_25337590,0.6536829999999998
chr8_25338094,0.6481981323232333
chr8_29177737,1.0712811767676764
chr8_31883753,1.7128234691919189
chr8_33330722,1.4508739944444424
chr8_38059428,0.8994218924242426
chr8_41292980,0.5887658926262622
chr8_42505151,1.2916770878787869
chr8_48540691,0.6285873636363634
chr8_57354139,2.0579458676767675
chr8_58055243,1.6865434
chr8_66546366,6.846462104545459
chr8_67052945,0.6966337267676777
chr8_72754135,2.356755282828282
chr8_79717729,2.3099035030303057
chr8_82192666,4.850721534848483
chr8_89554953,0.9887121838383841
chr8_90914295,5.64689687878788
chr8_91657815,3.582945051515151
chr8_94712788,1.9784536752525255
chr8_97244135,1.5683566145454542
chr8_102139278,3.5372669777777763
chr8_104012312,0.5783517444444443
chr8_123794043,1.8140741813131314
chr8_126446984,2.4574530323232358
chr8_127747795,1.1334917555555553
chr8_128070329,0.9076718494949497
chr8_128306940,1.1344038959595943
chr8_128753113,1.2040937313131308
chr8_130587244,0.7739858126262632
chr8_133919070,0.7551710601010103
chr8_133945809,0.7893042075757569
chr8_134488519,1.0482672969696973
chr8_145159363,24.563135442070717
chr8_145550578,16.650310365151523
chr9_841724,0.6944842228282831
chr9_3983223,0.7573019686868695
chr9_12693451,0.6755740825757584
chr9_12704542,0.8362205275252529
chr9_18777381,1.0883576702020201
chr9_20705953,1.1484840156565648
chr9_33026862,1.787444555050505
chr9_33167156,6.966610544949495
chr9_33473895,24.467885753535334
chr9_69148204,1.2837247606060609
chr9_72374868,7.104794542424244
chr9_91933328,27.27334657929293
chr9_95186604,0.6823843545454544
chr9_95884160,0.8400548343434342
chr9_97766115,1.4124165939393942
chr9_100700449,1.3603023
chr9_101832276,1.5554669702020212
chr9_105186947,0.6391244005050513
chr9_108154712,0.5592338833333335
chr9_113361761,0.9846263060606059
chr9_115249239,2.095338359595959
chr9_123943433,0.9275371222222217
chr9_124461390,1.4156769257575752
chr9_124534441,0.9849161414141406
chr9_128172739,6.916964686868688
chr9_128662532,0.7175700865151521
chr9_129089057,0.4949125287878787
chr9_130915654,1.1666273878787876
chr9_131902436,2.934387501010097
chr9_132245942,1.7713833813131319
chr9_132250652,4.473699303030301
chr9_132515345,2.05951737020202
chr9_135644572,1.1236462156565645
chr9_135730371,0.8957187313131312
chr9_135832678,1.0014799277777786
chr9_135996540,7.9222792883838355
chr9_137217901,3.6284537949494955
chr9_139563125,1.1456231727272717
chr9_139873511,6.842702704545456
chr9_140506844,0.6470982026767683
chr9_140523209,2.373026691919192
